text,star,label,good=1,fair=0,excellent=2
ูุงูุนุง ูุชู ุฎูุจ ุจูุฏ...ุงุฒ ูุญุงุธ ูุฒุฏฺฉ ุจู ุฏุฑุง ููุฑุงฺฉุฒ ุฎุฑุฏ,5,2,,,
 ุงุฒ ููู ูููุชุฑ ูพุฑุณูู ูุง ุฎู ุฎูุจ ุฏุงุดุช,5,2,,,
ูู ุจ ุงู ูุชู ุงูุชุงุฒ ฺฉุงูู ูุฏู ,5,2,,,
ุงุฒ ูุธุฑ ุชุฑุงูุณูุฑ ูุฑูุฏฺฏุงู ุจุณุงุฑ ุนุงู ุจุฑุฎูุฑุฏ,4,2,,,
ูพุฑุณูู ุนุงู ุจุฑุฎูุฑุฏ ุฑุณุชูุฑุงู ุญุฑู ูุฏุงุดุช,4,2,,,
ุจุง ฺฉูุงู ูู ุจู ูุง ุณุฑูุณ ุฏุงุฏ ,4,2,,,
ูุธุงูุช ู ุชูุฒ ุนุงูุ,5,2,,,
ุตุจุญุงูู ุชูุฒ ูุชููุน ู ุฎูุดูุฒู,5,2,,,
 ูุถุง ู ุณุงุญู ุงุฎุชุตุงุต ุจุณุงุฑ ุฒุจุง,5,2,,,
ุจุฑุฎูุฑุฏ ฺฉุงุฑฺฉูุงู ุนุงู,5,2,,,
ุฏูุฑ ุงุฒ ุดูุฑ ูุดู ุชูุฑุจุง ธฺฉูููุชุฑ,5,0,,,
ูุชู ุจุณูุงุฑ ุฎูุจู ุจูุฏ,5,2,,,
ุงุชุงููุงู ุจุณูุงุฑ ุชููุฒู ุฏุงุดุช,5,2,,,
 ููุฏุงุฑุจุฑุฎูุฑุฏ ูพุฑุณูู ูู ุฌุงูุจ ูุจูุฏ,5,1,,,
ูุชู ุจุณุงุฑ ุฒุจุง ู ูุดูฺฏ ุจูุฏ,5,2,,,
ูู ุงุฒ ุงูุงูุช ุฎูุฏ ูุฐุช ุจุฑุฏู,5,2,,,
ุงุชุงููุง ุดฺฉ ู ุฒุจุง,5,2,,,
ุบุฐุงูุง ูุชููุน,5,2,,,
ุฎู ุฎู ุฌุง ุฎูุจ ุจูุฏ,5,2,,,
ุฎู ุฎูุดฺฏุฐุดุช,5,2,,,
ูุชู ุจุฏ ูุณุช,5,1,,,
ุตุจุญุงูู ุงุตูุง ููุงุณุจ ูุจูุฏ,5,0,,,
 ููุชุด ุฎูุจ ุจูุฏ,5,2,,,
 ูพุฑุณูู ูุณุจุชุง ุฎูุจ,5,2,,,
 ุชูุฒ ู ุฒุจุง ูุชูุณุท,5,1,,,
ฺฉ ุงุฒ ุจูุชุฑู ูุชู ูุง ูุดูุฏู ,4,2,,,
ฺฉู ุงุฒ ุญุฑู ุฏูุฑู,4,0,,,
ูู ุงุฒ ุงูู ูุชู ุฏูุฏู ูุฑุฏู ุจุณูุงุฑ ุนุงููู,4,2,,,
ุจุงุฒ ููุฎูุงู ุจุฑู ุงููุฌุง,4,0,,,
ูุชู ุฒุจุงู,5,2,,,
ูพุฑุณูู ูู ุฎูุจ ุจูุฏ ุงูุง ู ุชููู ุจูุชุฑ ุจุงุดู,5,1,,,
ูุชู ูุงุฑูุง ฺฉุด ูุงูุนุง ุญุฑู ูุฏุงุฑู,5,2,,,
ููุท ุฎูุฑุฏู ููุชุด ุจุงูุงุณุช ูู ูุงุฑุฒูู,5,2,,,
ฺฉ ุงุฒ ุจูุชุฑู ูุชู ูุง ฺฉู ุชุงุญุงูุง ุฑูุชู ูุชู ูพุงุฑุณ ุจูุฏู,4,2,,,
 ูุญุท ุชูุฒ,4,2,,,
 ุงูฺฉุงูุงุช ฺฉุงูู,4,2,,,
ูพุฑุณูู ููุฏุจ,4,2,,,
 ุบุฐุงูุง ุจุง ฺฉูุช,4,2,,,
ฺฉูุง ููู ฺุฒุด ุฎูุจ ุจูุฏ,4,2,,,
ุจู ูุณุจุช 3 ุณุชุงุฑู ุจูุฏู ุงูฺฉุงูุงุช ููุงุณุจ ุฏุงุฑู,5,2,,,
ูุชู ุขุฑููู ู ุฏุฑ ฺฉู ูุง ูุดฺฉู ูุฏุงุดุชู,5,2,,,
ุงฺฏุฑ ูุชู ูุง 5 ุณุชุงุฑู ุง 4 ุณุชุงุฑู ุฑู ุจุฎุงุทุฑ ููุช ูุง ุจุงูุง ููุชููุฏ ุจุฑุฏ ูู ุงู ูุชู ุฑู ุชูุตู ู ฺฉูู ูพุดููู ูู ุดุฏ,5,2,,,
 ูู ูุฏุช 4 ุดุจ ุฏุฑ ุงู ูุชู ุฒุจุง ู ุฏู ุงูฺฏุฒ ุจููุฑุงู ุฎุงููุงุฏู ุงู ุงูุงูุช ุฏุงุดุชู ,4,2,,,
ุจฺฏููู ุง ุงุฒ ุฑูุชุงุฑ ูพุฑุณูู ูุชู ุฑุงุถ ูุณุชู ฺฉู ุงูุชุฎุงุจ ุจุนุฏู ููู ูุชู ุฎูุงูุฏ ุจูุฏ,4,2,,,
ุขุดูพุฒ ุจุณุงุฑ ุนุงู ุจูุงู ุนุงุฏู ุจุง ุงุฎูุงู ู ุฑูุชุงุฑ ุฎูุจุด ( ุจุง ุงููุช ุฎูุดูุฒุด ) ุชุดฺฉุฑ ู ูุฏุฑุฏุงู ู ฺฉูู,4,2,,,
ูุจุชู ุจุงุฏ ุงุจุชุฏุง ุงุฒ ูุฏุฑุช ูุชู ฺฉู ููฺฏ ุงู ูพุฑุณูู ุฎูุจ ู ุตูู ุฑุง ฺฏุฑุฏ ูู ุฌูุน ฺฉุฑุฏู ุชุดฺฉุฑ ฺฉุฑุฏ,4,2,,,
 ู ูุงุฒู ุจู ุชูุถุญ ุงุณุช ฺฉู ูุงูุช ุงู ูุชู ุจุดุชุฑ ุงุฒ 4 ุณุชุงุฑู ูุจุงุดุฏ,4,2,,,
ูุชู ุฎูุจ ุจูุฏ,4,2,,,
 ูู ุฏุฑุญุฏ ฺฉ 5 ุณุชุงุฑู ูุงูุน ููุฏ.,4,0,,,
ูุงุจ ุจุณุงุฑ ุฒุจุง,4,2,,,
ูู ุงุชุงู ูุงฺฉฺุฑ,4,2,,,
 ุฏุฑ ุญุฏ ฺฉ ูุชู 4 ุณุชุงุฑู ุจูุฏ.,4,0,,,
ุตุจุญุงูู ุนุงู ู ฺฉูุช ุบุฐุง ุฎูุจ ุจูุฏ,4,2,,,
ูู ูุฒูู ุณุงูุงุฏ ุจุงุฑ ุงุฌุจุงุฑ ุฑู ูุงฺฉุชูุฑ ุญุณุงุจ ูุดุฏ ูุฑฺูุฏ ฺฉู ุงุฒ ุณุงูุงุฏ ุจุงุฑ ุงุณุชูุงุฏู ูฺฉุฑุฏู ุจุงุดุฏ,4,0,,,
 ุณุงูุงุฏ ุจุงุฑ ุจุณุงุฑ ูู ุจ ฺฉูุช ุจูุฏ ,4,0,,,
 ุงุฑุฒุด 35 ูุฒุงุฑ ุชููู ุงุฌุจุงุฑ ุฑู ูุฏุงุดุช,4,0,,,
 ูุง ุชุฑุฌุญ ุฏุงุฏู ฺฉู ุงุฒ ุฑุณุชูุฑุงู ูุชููุง ฺฉู ูุจูุง ุฑูุชู ุจูุฏู ุงุณุชูุงุฏู ฺฉูู.,4,0,,,
ุฏฺฏู ุจู ุงู ูุชู ููุฑู ,4,0,,,
 ุจู ฺฉุณ ูู ุจุฑุง ุฑูุชู ุชูุตู ููฺฉูู.,4,0,,,
ุงฺฏุฑ ุงูุตุงู ุฑุง ุจุฎูุงูู ุฑุนุงุช ฺฉูู ุนููฺฉุฑุฏ ุงู ูุฌููุนู ุจุณุงุฑ ุฎูุจ ุจูุฏ.,4,2,,,
ูพุฑุณูู ููุฏุจ ู ุฎูุจ,4,2,,,
ุงุชุงููุง ุชูุฒ ู ุดฺฉ,4,2,,,
ุฎูุดุฑู ู ุฎูุด ุงุฎูุงู ุชูุงู ูพุฑุณูู,4,2,,,
ุบุฐุงูุง ุนุงู ( ูุงูุนุงู ุนุงู),4,2,,,
ุชููุน ุฎูุจ ุบุฐุง ,4,2,,,
 ุจุฑุฎูุฑุฏ ููุงุณุจ,4,2,,,
ู ููุช ูุทููุจ,4,2,,,
ูุงูุนุง ููู ฺ ุนุงู ุจุฑุฎูุฑุฏ ฺฉุงุฑฺฉูุงู ุฺฉูุช ุบุฐุง,5,2,,,
ุชูุฒ ุงุชุงู ูุงูุนุง ุฎูุจ ุจูุฏ,5,2,,,
ุจุฑุง ููุฑูุฒ ุงูุณุงู ูู ุฏูุจุงุฑู ุจู ููู ูุชู ูุฑู,5,2,,,
 ุจู ููู ูพุดููุงุฏ ูฺฉูู ุญุชูุง ุงู ูุชู ู ุงูุชุฎุงุจ ฺฉูู,5,2,,,
"ูู ู ููุณุฑู ุงุณููุฏ ูฉูฆ ุฏุฑ ุงูู ูุชู ุงูุงูุช ุฏุงุดุชูู
ูุงูุนุง ุนุงูู ุจูุฏ",5,2,,,
ูพุฑุณูู ูุงุฑุจูุฏ ู ููุฏุจ ูู ููู ุชุฑูู ูุฒูุช ูุชู ูุฑููู,5,2,,,
ูุญูุท ุฎูุจ ู ููุงุณุจ ู ุชููุฒ,5,2,,,
ุบุฐุงู ุฎูุจ ู ุตุจุญุงูู ููุตู,5,2,,,
ุดุงุฑฺ ุงุชุงููุง ุฎูุจ,5,2,,,
ุงููุฏูุงุฑู ูููู ููููุช ุญูุธ ุจุดู,5,2,,,
"14ุงุณููุฏ ุจูุฏุช ุฏู ุดุจ ุฏุฑุงู ูุชู ุงูุงูุช ุฏุงุดุชู, ุงุฒ ููู ูุธุฑ ุฎูุจ ุจูุฏ ุชูุฒ ูุชู ู ุงุชุงููุง",5,2,,,
ุจุฑุฎูุฑุฏ ุจุณุงุฑ ูุญุชุฑูุงูู ฺฉุงุฑฺฉูุงู ุจุฎุตูุต ุณุฑฺฉุงุฑ ุฎุงูู ุฑุญู,5,2,,,
 ุตุจุญุงูู ุจุณุงุฑ ุฎูุจ ู ูุชููุน,5,2,,,
ูุถุง ุณุจุฒ ุฒุจุง ูุชู ู ููฺูู ูุฒุฏฺฉ ุจู ุงุณฺฉูู ุชูุฑุญ ู ูุฑฺฉุฒ ุฎุฑุฏ ุฒุชูู,5,2,,,
 ุงู ูุชู ุฑุง ุจู ููู ูพุดููุงุฏ ูฺฉูู ู ุงูุชุฎุงุจ ููุดฺฏ ุฎูุฏู ูุจุงุดุฏ,5,2,,,
ุนุงู ุจูุฏ ูู ุดุด ุณุงู ูพุด ุจุฑุง ูุงู ุนุณู ุจุง ููุณุฑู ุจู ุงู ูุชู ุฑูุชู.ูฺููุช ูุฑุงููุด ููฺฉูู,5,2,,,
ูุถุง ุฒุจุง ูุชู ุฑุง ูพุฑุณูู ููุฑุจูู ู ููุฏุจ ูุชู ููู ุงูุนุงุฏู ุจูุฏูุฏ ,5,2,,,
ุบุฐุงูุง ุจุณุงุฑ ุฎูุดูุฒู ููู ฺุฒ ุจุฑุง ูู ุนุงู ูุชูุฒ ูุจุง ฺฉูุช ุจูุฏ,5,2,,,
ุฏ ุดุงุฏ ุจฺฏู ุนุฑูุณ ุจูุฏ ูุณุฑุฎูุด ุงูุง ูู ุจุนุฏ ุงุฒ ูุงู ุนุณูู ุจู ฺฉุงูุงุฏุง ุขูุฏู. ููฺ ููุช ุฎุงุทุฑุงุช ุดุฑุงุฒ ููุชู ุฒุจุง ุงุฑู ุฑุง ูุฑุงููุด ูฺฉุฑุฏู ููุฑ ููุช ฺฉู ุงูุฌุง ุจู ูุณุงูุฑุช ูุฑู ุงูู ููู ุชุฌููุงุช ฺฉู ุชู ูุชููุง ุงุฑุงู ูุณุช ุฑุง ุงูุฌุง ูุง ุฏฺฏู ูุฏุฏู.ุงุฏุด ุจุฎุฑ ุดุฑุงุฒุุงุฑุงู ุนุฒุฒู.,5,2,,,
ูู ุจุง ุฎุงููุงุฏู ุงู 1 ููุชู ุขูุฌุง ุจูุฏู . ุจุณุงุฑ ุฎูุด ฺฏุฐุดุช ,5,2,,,
 ููุฑ ุงุชุงู ูุง ุนุงู ุจูุฏ,5,2,,,
ุตุจุญุงูู ู ูุงูุงุฑ ุจุณุงุฑ ุนุงู ู ุฎูุดูุฒู ุจูุฏ ู ุดูุง ุนุฒุฒ ฺฉู ฺฏูุชู ุจูุฏ ุฎู ุจุฏูุฒู ุจูุฏ ุจุงุฏ ุจฺฏู ฺฉู ..,5,2,,,
 ุงุชุงู ูุง ูู ุจุณุงุฑ ุนุงู ุจูุฏ,5,2,,,
 ู ุจู ูุธุฑ ูู ุงู ูุชู ูุงูุช 5 ุณุชุงุฑู ุจูุฏู ุฑู ุฏุงุฑู,5,2,,,
ุณูุงู ูู ฺฉ ูุงู ูพุด ุฏุฑ ูุชู ุดูุณ ูุดู ุจูุฏู ูุงูุนุง ูุชู ุฎูุจ ุจูุฏ...ุงุฒ ูุญุงุธ ูุฒุฏฺฉ ุจู ุฏุฑุง ููุฑุงฺฉุฒ ุฎุฑุฏ,5,2,,,
ุงุฒ ููู ูููุชุฑ ูพุฑุณูู ูุง ุฎู ุฎูุจ ุฏุงุดุช ูุฎุตูุตุง ุงูู ุฏูุชุง ูพุณุฑ ฺฉู ุจุฎุด ฺฉุงู ุดุงูพุด ุจูุฏู ุฎู ุจฺูุง ุฎูุจ ุจูุฏู...,5,2,,,
ูู ุจ ุงู ูุชู ุงูุชุงุฒ ฺฉุงูู ูุฏู .,5,2,,,
ุณูุงู ุจูุฏู ุจุง ููุฑุงู ุฎุงููุงุฏู ฺูุงุฑ ุฑูุฒ ุฏุฑ ุงู ูุชู ุงูุงูุช ุฏุงุดู ุงุฒ ุฑุงุฒ ูุธุฑ ุชุฑุงูุณูุฑ ูุฑูุฏฺฏุงู ุจุณุงุฑ ุนุงู,4,2,,,
ุจุฑุฎูุฑุฏ ูพุฑุณูู ุนุงู ุจุฑุฎูุฑุฏ ุฑุณุชูุฑุงู ุญุฑู ูุฏุงุดุช ุจูุฏู ,4,2,,,
ุจูุฏู ฺูุงุฑ ุจุงุฑ ุณูุฑ ฺฉุด ุฏุงุดุชู ูฺ ูุชู ุฎุฏูุงุช ููุงููฺฏู ุฑุง ูุฏุงุฑุฏ,4,2,,,
ุจุฎุตูุต ฺฏูุจุฑฺฏ ุฏูุณุช ุฏุงุดุชู ุนุฒุฒ ูุฑ ูููุน ุชูุงุณ ฺฏุฑูุชู ุจุง ฺฉูุงู ูู ุจู ูุง ุณุฑูุณ ุฏุงุฏ,4,2,,,
ุณูุฑ ุจุนุฏ ูุง ุงฺฏุฑ ฺฉุด ุจุงุดู ุญุชูุง ูุชู ููุงููฺฏู,4,2,,,
ูุชู ุงุฒ ููู ูุธุฑ ุนุงู ุจูุฏ.,5,2,,,
ุชููุง ูฺฉุชู ููู ูุฏุงุดุชู ุณุฑูุณ ุชุง ุญุฑู ุจูุฏ,5,0,,,
ุงุฒ ูุธุฑ ุจุฑุฎูุฑุฏ ูพุฑุณูู ู ููู ุบุฐุง ู ฺฉูุช ุบุฐุงูุง ู ุชูุฒ ุงุชุงููุง ูู ฺฉู ูฺ ุญุฑู ูุณุช,5,2,,,
ุงู ูุชู ูุงูุช4ุณุชุงุฑู ุจูุฏูู ุฏุงุฑู.,5,2,,,
ูุง ุงุฒ ุชุงุฑุฎ ตุงุณููุฏ นถุชุงธุงุณููุฏ นถ ุฏุฑ ุงู ูุชู ุงูุงูุช ุฏุงุดุชู ูุฒุงุง ูุธุงูุช ู ุชูุฒ ุนุงู,4,2,,,
ุตุจุญุงูู ุชูุฒ ูุชููุน ู ุฎูุดูุฒู,4,2,,,
ุณุงุญู ุงุฎุชุตุงุต ุจุณุงุฑ ุฒุจุง ุจุฑุฎูุฑุฏ ฺฉุงุฑฺฉูุงู ุนุงู,4,2,,,
ุฏูุฑ ุงุฒ ุดูุฑ ูุดู ุชูุฑุจุง ธฺฉูููุชุฑ,4,0,,,
ูู ุงุฒ ุฑูุฒ ุงูุชุชุงุญ ( ุฑูุฒ ุงูุชุชุงุญ ูู ุงููุฌุง ุจูุฏู )ุงู ูุชู ุชุง ุจู ุงูุฑูุฒ ุณุงูุงูู ุฏู ุจุงุฑ ุจู ุงู ูุชู ุฑูุชู ู ุบุฑ ุงุฒ ุงูุฌุง ูู ูฺ ูุชู ุฏฺฏู ุง ุชู ูุดู ููุฑู,5,2,,,
ุงูฺฉุงูุงุชุด ฺฉูู ูู ุณุงุญู ุนุงุงุงู ู ุขุฑุงูุด ุตุจุญฺฏุงู ุงุด ุฑู ุจุง ูฺ ุฌุง ุนูุถ ููฺฉูู,5,2,,,
ุงูุงูุช ูุง ุงุฒ ฒท ุจููู ุชุง ุงูู ุงุณููุฏ ฑณนถ ุจูุฏ ุชุฑุงูุณูุฑ ูุฑูุฏฺฏุงู ุฎูุจ ุจูุฏ,5,2,,,
ุจุฑุฎูุฑุฏ ฺฉุงุฑฺฉูุงู ุฎูุจ ุจูุฏ ,5,2,,,
 ุงุฒ ูุธุฑ ูุธุงูุช ุณุฑูุณ ุจูุฏุงุดุช ุฏุฑ ุญุฏ ูุชู ต ุณุชุงุฑู ูุจูุฏ ุฏุฑ ูุณูุช ูุงุจ ฺฉ ุณุฑูุณ ุจูุฏุงุดุช ุฏุฑ ูุณูุช ุจุงููุงู ุจูุฏ ฺฉู ุงุตูุง ุชูุฒ ูุฏุฑ ุญุฏ ูุชู ต ุณุชุงุฑู ูุจูุฏ,5,0,,,
ุบุฐุง ุฑุณุชูุฑุงู ูู ูุชููุน ูุฎูุจ ุจูุฏ ูู ุนุงู ูุจูุฏ,5,2,,,
ุฏุฑ ฺฉู ูุชู ุฎูุจ ุงุณุช ููุง ุงุฒ ุงูุงูุช ุฏุฑ ุงูุฌุง ุฑุงุถ ุจูุฏู,5,2,,,
ูู 3 ุฑูุฒ ุฏุฑ ุงู ูุชู ุงูุงูุช ุฏุงุดุชู ุฏุฑ ฺฉู ุฑุงุถ ุจูุฏู ฺู ุงุฒ ุฑูุชุงุฑ ูพุฑุณูู ูุชู ู ฺู ูุธุงูุช ู ุชูุฒ.,3,2,,,
 ููุท ููุฑ ุงุชุงููุง ฺฉู ุจูุฏ ูู ุงุชุงู ุจุฒุฑฺฏ ู ุฎูุจ ุจูููู ุฏุงุฏู,3,1,,,
ุตุจุญููู ุฏุฑ ุญุฏ ูุนููู ุจูุฏ,3,1,,,
ฺฉูุง ูุณุจุช ุจู ููุชุด ููู ฺ ุงฺฉ ุจูุฏ.,3,2,,,
ุงูุชุงุฒ ฺฉุงูู! ูุชู ูุดุฑ ุจุณุงุฑ ุดฺฉ,4,2,,,
 ุจุง ฺฉุงุฑฺฉูุงู ููุฏุจ ู ุฒุญูุชฺฉุด (ูฺฺฏ ูุฑุฏู ุดุฑู ุฒุฏ ),4,2,,,
 ุจุง ุตุจุญุงูู ุนุงู,4,2,,,
 ููุ ููุณุฑู ู ุฏุฎุชุฑ ุดุด ุดุจ ููู ุงู ูุชู ุจูุฏูุ ุฌุง ูฺ ฺฏูู ุจุงู ูฺฏุฐุงุดุชูุฏ.,4,2,,,
ูุงูุนุง ุงููุงุช ุฎูุด ุฑุง ุฏุฑุงู ูุชู ุณูพุฑ ฺฉุฑุฏู.ูุชู ุงุณุชููุงู ููุตุฏ ููุดฺฏ ูู ุฏุฑ ุดูุฑูู ุฎูุงูุฏ ุจูุฏ,5,2,,,
ูู ุณุงู นถ ุงุงู ฺูุฏ ุฑูุฒ ุชุนุทูุงุช ูุดู ุจูุฏู ู ฒุดุจ ุงุฒ ุงู ูุชู ุงุณุชูุงุฏู ฺฉุฑุฏู ูุชู ุงุฒ ูุธุฑ ุชูุฒ ุฎูุจ ูุตุจุญุงูู ูุฒ ุฑุถุงุช ุจุฎุด ุจูุฏ,4,2,,,
ูุงุชุงููุง ูุซู ูุชููุง  ุชุฑฺฉู ุฎู ฺฉูฺฺฉ ุจูุฏ ูู ููุณุงุฒ ู ุฎูุจ ุจูุฏ,4,2,,,
 ููุช ุงุชุงููุง ูู ุฏุฑ ุฒูุงู ูพฺฉ ุฎู ฺฏุฑุงู ุจูุฏ ุชุง ุดุจ ตฐฐ ูู ุบุฑ ูพฺฉ ฑดฐ ฺฏุฑูุชู ฺฉู ุฎูุจ ุจูุฏ.,4,0,,,
ูู ููุชู ูพุด ุจู ููุฑุงู ุฎุงููุงุฏู ุฏุฑ ุงู ูุชู ุงูุงูุช ุฏุงุดุชู ู ูุชููู ุจู ุฌุฑุฃุช ุจฺฏู ฺฉ ุงุฒ ุจูุชุฑู ูุชู ูุง ุจูุฏ ฺฉู ุฏุฑ ฺฉู ุนูุฑู ุฑูุชู ุจูุฏู.,4,2,,,
ฺฉูุช ู ุงูฺฉุงูุงุช ุงุฒ ูุฑ ูุญุงุธ ุนุงู ุจูุฏ,4,2,,,
ู ูุง ุตุจุญุงูู ู ูุงูุงุฑ ู ุดุงู ุฑู ุฏุฑ ุฏุงุฎู ูุชู ุฏุงุดุชู ฺฉู ฺฉูุช ุบุฐุง ุจุงูุฑ ูฺฉุฑุฏู ุจูุฏ...,4,2,,,
ุฑูุชุงุฑ ูพุฑุณูู ุจ ููุงุช ุนุงู ู ูุญุชุฑูุงูู ุณุช ู ุฏุฑ ูุฑ ุฒูุงู ู ุจุง ุญูุตูู ุจู ูุดฺฉูุชูู ุฑุณุฏฺฏ ูฺฉูู.,4,2,,,
.ุงุชุงู ูุง ู ุงูฺฉุงูุงุช ุฏุงุฎูุดูู ฺฉุงููุง ุชูุฒ ู ฺฉุงูู ุจูุฏู ู ูฺ ฺฉูุจูุฏ ูุฌูุฏ ูุฏุงุดุช,4,2,,,
ูู ุจู ููู ฺฉุณุง ฺฉู ูุดู ุฑู ุจุฑุง ุณูุฑ ุงูุชุฎุงุจ ฺฉุฑุฏู ุญุชูุง ุญุชูุง ุงู ูุชู ุฑู ูพุดููุงุฏ ูฺฉูู.,4,2,,,
ุชูุฒูุ ุชุงุฒู ุจุงุฒุณุงุฒ ุดุฏู ู ููู ฺ ูู ุจู ูุธุฑ ูุงุฏ ุบุฑ ุงุฒ ูุจู ุฏุงุฎู ุงุชุงู ูุงุ ุงูุง ูุจููุงู ู ุชุฎุช ูุง ู ฺฉูุฏูุง ุฎู ุจ ฺฉูุชู ููฺฉูู ุฏุฑ ฺฉูุฏ ุฑู ฺฉู ุจุงุฒ ฺฉูู ุจุดฺฉูู,3,0,,,
ุณุฑูุณ ุฏู ฺฉุงุฑฺฉูุงู ุถุนูู ุงูุง ูุดู ุจุงูุงุด ฺฉูุงุฑ ุงููุฏ,3,1,,,
ููุด ุจุงุฏ ุจูุดูู ุจฺฏุ ุฏุณุชูุงู ูุณุช ุจุงุฏ ุจฺฏ ุจุงุฑูุ ุฎฺุงู ุฎุงูู ุจุงุฏ ุจฺฏ ุขุจ ุจุงุฑูุ ู ฺุฒ ุชู ุงุชุงู ุฎุฑุงุจู ุจุงุฏ ุจฺฏ ุฏุฑุณุชุด ฺฉููุ ฺฉูู ุงุชุงู ุฑู ฺฺฉ ูฺฉุฑุฏู ุชุญููุช ูุฏู ุฎูุฏุช ุจุงุฏ ฺฺฉ ฺฉู  ููุงูุตุด ุฑู ุจฺฏ ุจุงู ุฏุฑุณุช ฺฉูู,3,0,,,
ุตุจุญููู ุฎู ูุฎุชุตุฑูุ ฺฉุฑู ูุฑุจุง ู ูพูุฑ ู ุชุฎู ูุฑุบ ูุฑุฑูุฒ ูููู,3,0,,,
ุฏููพุง ูุชู ฺฉุจุงุฑ ูุตุฑู ูุฏุงุฑู ุงูุง ููู ุฏููพุง ุขุจุง :) ฺฉู ฺฏุฐุงุดุชู ุฎูุจู ู ุชูุฒู. ุชูุงูุช ูุฑูฺฏ ุจูุฏ ฺฉู ูููุน ุชุญูู ุงุชุงู ุฎุณ ุจูุฏ ู ฺฉุงุบุฐ ูพูููพ ุถุฏุนููู ุดุฏู ุฑู ูู ุฑูุด ูุฐุงุดุชู ุจูุฏูุ ุดุฑุขูุงุช ูู ูุงู 6 ุณุงู ูพุด ุจูุฏ ู ุฒูฺฏ ุฒุฏู ุจูุฏ.,3,0,,,
ูุงุณู ูุง ฺฉู ูููุชุฑู ูุงฺฉุชูุฑ ุชูุฒ ุงุชุงู ุจูุฏ ุชุฌุฑุจู ุฎูุจ ุจูุฏ,3,2,,,
ุชุงุฑุฎ ุณูุฑ 22ุงู 25 ุจููู 1396ุุจูุฏู ุจุฑุง ุงููู ุจุงุฑ ุจู ูุดู ุงููุฏู ู ุฏุฑ ุงู ูุชู ุงูุงูุช ุฏุงุดุชู ู ูููุน ฺฉู ุจู ูุดู ู ูุชู ุฑุณุฏู ุฎูุดุญุงู ุจูุฏู ฺูู ฺฉูุง ุชุตูุฑ ุฏฺฏุฑ ุฏุงุดุชู ฺฉู ุฎุฏุงุฑู ุดฺฉุฑ ุบูุท ุจูุฏ ู ุฏุฑ ุงู ุณู ุฑูุฒ ุงูุงูุช ุณูุช ูุง ุฎูุจ ุจูุฏ ,5,2,,,
ูุฑ ูููุน ุฏุฑุฎูุงุณุช ุฏุงุดุชู ุชูุณุท ูพุฑุณูู ุฎููฺฏุฑู ุงู ูุฌููุนู ุงูุฌุงู ูุดุฏ,5,2,,,
ููุท ุจุง ุชูุฌู ุจู ูพุฑุณุดูุง ุงูุฌุงู ุดุฏู ูุชูุฌู ุดุฏู ฺฉู ุจู ุฏูุงู ุงููุช ุชุง ุงุฒ ูพุฑุณูู ุฎูุงุณุชู ูุดู ุฏุฑ ูุจูุฏ ูููุงู ุจุฑุง ูุธุงูุช ุงุชุงููุง ูุงุฑุฏ ููุดู ู ุจู ุฏูุงู ุจูุฏุงุดุช ุญููู ูู ุจุนุฏ ุงุฒ ูุฑูุฏ ุจุงุฏ ุฏุฑุฎูุงุณุช ุจุดู,5,2,,,
ุงูุฑูุฒ ุณููู ุฑูุฒ ุงูุงูุช ูู ุจู ููุฑุงู ููุณุฑ ููพุณุฑู ุฏุฑ ูุชู ุดุงฺฏุงูู ุุจู ููู  ุฏูุณุชุงู ุชูุตู ูฺฉูู ฺฉู ุชู ุงูุชุฎุงุจ ุงู ูุชู ุดฺฉ ูฺฉูู,4,2,,,
ูุงูุนุง ุชูุฒ ู ุดฺฉู ุุฑุณุฏฺฏ ูพุฑุณูู ู ุจุฑุฎูุฏุดูู ุนุงูู,4,2,,,
ุตุจุญุงูู ูุชููุน ู ุฎูุจ ุฺฉูุช ู ููุช ูุงูุงุฑ ู ุดุงู ููุงุณุจ ู ุฎูุจ,4,2,,,
ู ุฏุฑ ฺฉู ุชูุฒ ุจูุฏู ูุชู ุจุฑุง ูู ุฎู ููู ุจูุฏ ฺฉู ุงูุงู ูุงูุนุง ุฎูุดุญุงูู ุงุฒ ุงูุชุฎุงุจู ููุทุนุง ุชู ุณูุฑูุง ุจุนุฏ ูููุฌุงุฑู ุงูุชุฎุงุจ ูฺฉูู,4,2,,,
ุงุฒ ูุธุฑ ุฏุณุชุฑุณ ุจู ุจุงุฒุงุฑูุง ู ุงุณฺฉูู ุชูุฑุญ ุนุงูู ูพุงุฏู ุฏู ุฏููู ุชุง ูุฑฺฉุฒ ุชุฌุงุฑ ู ูพุงูุฐ ูตุฏููู ุชุง ูพุฑุฏุณูุง ู ูุงูพุฑูุงุฑฺฉุช ุฎูุงุตู ููู ฺ ุนุงุงุงู,4,2,,,
ุจุง ุณูุงู ูู ูู ูข ุจุงุฑ ุจุง ุฎุงููุงุฏู ุฑูุชูู ูพุงุฑููุณ ูุชู ุงุฒ ูุธุฑ ูู ุฎููู ุนุงูู ุจูุฏ,3,2,,,
 ุฎุตูุตุงู ุชูู ููุจ ุฌุฒูุฑู ู ุฏุฑ ูู ููุงู ุนุงูู ูุฑุงุฑ ุฏุงุฑู,3,2,,,
ูู ูุฏูุฑ ุฏุงุฎูู ุจุณูุงุฑ ููุฑุจุงู ู ุฎูุด ุงุฎูุงู ุฏุงุฑู ุจู ุงุณู ุงูุงู ฺฏูุฌู ุฒุงุฏู ุชูุตูู ูู ููู ุญุฏุงูู ูู ุจุงุฑ ุจุฑูู,3,2,,,
ูู ุจุฑุงู ูู ุดุจ ุงูุงูุช ุฏุงุดุชู ุจููุฑุงู ููุณุฑู ฺุดู ุงูุฏุงุฒ ุงุชุงู ุนุงูู ุจูุฏ,3,2,,,
 ุงุฒ ูุธุฑ ุชููุฒู ูู ุฎูุจ ุจูุฏ,3,2,,,
ููู ุตุจุญุงูู ูุชู ุฃุตูุง ุฏุฑ ุญุฏ ูุชู ูคุณุชุงุฑู ูุจูุฏ,3,0,,,
 ูุณุช ููุฏ ุฃุตูุง ููููุช ูุฏุงุดุช ุณุฑููุณ ุฏูู ูุงูู ุดุงูพ ูู ุฃุตูุง ุฎูุจ ูุจูุฏ,3,0,,,
ูู ูููุณุฑู ุฏุฑ ุชุงุฑุฎ 16 ุงู 18 ุงุณููุฏ 96 ุฏุฑ ุงู ูุชู ุจู ูุฏุช ุณู ุดุจ ุงูุงูุช ุฏุงุดุชู.ุนูุงุฑุบู ุจุฑุฎูุฑุฏ ุฎูุจ ูพุฑุณูู ุชูุฒ ู ุขู ุชุงู ุจูุฏู ูุชู ุงูุง ุงุฒ ุฏฺฉูุฑ ุงุชุงู ุฑุงุถ ูุจูุฏู,4,0,,,
ุฏูุงุฑูุง ู ุฏุณุช ุณูุฏ ุจูุฏู ู ูพุฑุฏู ูุง ุงุตูุง ุฒุจุง ูุจูุฏู ู ุงุชุงู ุฑุง ุฏูฺฏุฑ ฺฉุฑุฏู ุจูุฏูุฏ,4,0,,,
ุงูุง ุตุจุญุงูู ุฎู ุฎูุจ ุฏุงุดุชูุฏ ู ุจุฑุฎูุฑุฏ ููฺฏ ุฎูุจ ู ุนุงู ุจูุฏ.,4,2,,,
ูู ูุฎุงููุงุฏู ุงู 18ุชุง20. ุงุณููุฏ ุฏุฑ ูุชู ุดุงฺฏุงู ุจูุฏู ูุชู ุฎู ุชูุฒ ุจูุฏ ุงุชุงู ูุง ุฎู ุชูุฒ ููุฑุชุจ,4,2,,,
 ุจุฑุฎูุฑุฏ ูพุฑุณูู ุนุงู,4,2,,,
 ุตุจุญุงูู  ุฎู ูุชููุน,4,2,,,
.ูุงุจ ุฎู ุชูุฒ ูุดฺฉ ุจูุฏ,4,2,,,
"ุณูุงู ู ุณูพุงุณ ุงุฒูุฏุฑุช ู ูพุฑุณูู ุฎูุจ ู ุจุง ุงุฎูุงู ูุชู ุณ ููุฑ 
ุฏุฑ ฺูุฏ ูุชู ูพูุฌ ุณุชุงุฑู ุฏุฑ ฺฉุดูุฑูุง ุงุฑููพุง ู ุชูุฑุณุช ุงูุงูุช ุฏุงุดุชู ุงู ู ูุฒ ุฏุฑ ูุชู ูุง ุฎูุจ ฺฉุดูุฑูุงู ุ ุงูุง ุญุงู ู ููุง ุงู ูุชู ู ุจุฑุฎูุฑุฏ ูพุฑุณูู ุฎูุจ ุงู ูุชู ุฑุง ูุฌ ฺฉุฌุง ุชุฌุฑุจู ูฺฉุฑุฏู ",5,2,,,
 ุฑูุชุงุฑ ูุญุชุฑูุงูู ู ุจุง ูุชุงูุช ู ุฏุฑ ุนู ุญุงู ุฏูุณุชุงูู ฺฉุงุฏุฑ ุงู ูุชู ูุซุงู ุฒุฏู ุงุณุช ู ุจูุชุฑู ุดฺฉู ูุดุชุฑ ูุฏุงุฑ ู ุชฺฉุฑู ุฑุง ุจุฌุง ู ุขูุฑูุฏ ุุงุฒ ูููุงู ููุงุฒ ุงุชุงู ุจุณุงุฑ ุณูพุงุณฺฏุฒุงุฑู,5,2,,,
"ูุง ุณู ุดุจ ููุฑุงู ุฎุงููุงุฏู ุฏุฑ ุงู ูุชู ุงูุงูุช ุฏุงุดุชู
ุจู ูุธุฑู ุฏุฑ ูุฌููุน ูุณุจุช ุจู ูุชููุง ุณู ุณุชุงุฑู ุจุณุงุฑ ุฎูุจ ุจูุฏ",3,2,,,
ุงฺฏุฑ ูุณูุช ุดูุฏ ุจุงุฑ ุฏฺฏุฑ ุจู ูุดูุฏ ุจุฑูู ููู ูุชู ุฑุง ุงูุชุฎุงุจ ูฺฉูู,3,2,,,
ูู ุจู ููุฑุงู ููุณุฑู ุจููู ูุงู 96 ุณู ุฑูุฒ ุงูุงูุช ุฏุงุดุชู ุฑูุชุงุฑ ูพุฐุฑุด ุจุณุงุฑ ุฎุดฺฉ ู ุจุฏ ุจูุฏ ฺฉู ุงุตูุง ุฏุฑ ุญุฏ ูุชู 5 ุณุชุงุฑู ูุจูุฏ ู ุงูุชุธุงุฑุงุช ุจุดุชุฑ ุจูุฏ,3,0,,,
ูู ุฑูุชุงุฑ ฺฉุงุฑฺฉูุงู ุฎู ุฎูุจ ุจูุฏ,3,2,,,
 ุตุจุญุงูู ูุชู ุดุงุงู ุฑู ุจุดุชุฑ ุงุฒ ูุชู ุดุงฺฏุงู ุฏูุณุช ุฏุงุดุชู ูู ูฺฉุฑ ูฺฉูู ุฏูุจุงุฑู ุจุงู ูุชู ุดุงฺฏุงู ฺูู ูุนุงุฑูุง ูู ุจู ูุชู ุดุงุงู ุฎู ูุฒุฏฺฉุชุฑู,3,0,,,
"ุจุง ุณูุงู
ูุง ุดูุฑููุฑ ูฉูฆ ุจู ูุชู ูุตุฑ ุฑูุชูู ู ุงุฒ ููู ูุธุฑ ุนุงูู ุจูุฏ",5,2,,,
ู ุชููุฏ ูพุณุฑู ุจุฑุงุด ููู ู ูุฏูู ูุฑุณุชุงุฏู ู ุชุดูุฑ ููููู ุจุงุจุช ุงูููู ฺูุฏูุงู ุจุนุฏ ุงุฒ ุงูู ุจุฑุงู ุณุงูฺฏุฑุฏ ุงุฒุฏูุงุฌ ููู ุงุฒ ูุดูุฏ ุจู ุชูุฑุงู ูุงุฑุช ุชุจุฑูู ู ูุฏูู ูุฑุณุชุงุฏู . ุงูุชุฎุงุจ ูุง ุชู ุณูุฑูุงู ุจุนุฏู ูู ูููู ูุชู ุฎูุงูุฏ ุจูุฏ,5,2,,,
ุจููู ุณุงู 94 ุจู ุงุชูุงู ููุณุฑู ุฏู ุดุจ ูููุงู ุงู ูุชู ุจูุฏู. ูุชู ููุณุงุฒ ู ููู ุงูุนุงุฏู ุขุฑุงู,5,2,,,
 ูุฒุฏฺฉ ุจู ุจุฑุฎ ุฏุฏู ูุง ุฒุฏ ู ุงูุจุชู ุจุง ูุงุตูู ูุณุจุช ุจู ูุฑฺฉุฒ ุดูุฑ ู ุจุงูุช ุณูุช.,5,2,,,
ุจุณุงุฑ ุชูุฒ ู ุดฺฉ ุจุง ูุนูุงุฑ ุฏุงุฎู ูุฏุฑู,5,2,,,
ุจุฑุฎูุฑุฏ ูพุฑุณูู ูุญุชุฑูุงูู,5,2,,,
ฺฉูุช ุบุฐุง ุฎู ุฎูุจ ุงุฒ ุงูฺฉุงูุงุช ุฌุงูุจ ุงุณุชูุงุฏู ูฺฉุฑุฏู ู ุงุฒ ฺฉูุชุดุงู ุฎุจุฑ ูุฏุงุฑู.,5,2,,,
ููุช ููุงุณุจ- ุขู ูููุน ุชูุฑุจุง ุจุง ููุช ูุชู ูุดุฑุงูููุงูฺฉ ุง ูุงูู ุจุฑุงุจุฑ ุจูุฏ ฺฉู ุจู ูุง ุจุณุช ุฏุฑุตุฏ ุชุฎูู ูู ุฏุงุฏูุฏ,5,2,,,
ุณูุงู ูู ูููุงู ุงู ูุชู ุฏุฑ ุชุงุฑุฎ 96/11/14 ุจูุฏู ุจุณุงุฑ ุนุงู ุจูุฏ ุงุฒ ููู ูุญุงุธ ููู ุงูุนุงุฏู ุจูุฏ ุจุณุงุฑ ุชูุฒู ุดฺฉ. ูู ุงุชุงู ููู ุงูุนุงุฏู ุจูุฏ,5,2,,,
ููุท ุชููุง ุถุนู ุงู ูุชู ุงู ุจูุฏ ฺฉู ูพุฑุณูู ฺฉู ุงุชุงู ุฑุง ู ุจุงุณุช ุชูุฒ ฺฉูู ุจุฏูู ุงูฺฉู ูุง ุงุฒุดูู ุฏุฑุฎูุงุณุช ฺฉุฑุฏู ุจุงุดู ูููุฏู ุฏุงุฎู!! ู ุงู ุจู ูุธุฑู ุจุฑุง ฺฉ ููฺู ูุชู ุถุนู ุจุฒุฑฺฏู ู ุฑูุชุงุฑ ฺฉุงููุง ุบุฑุญุฑูู ุงู!!!!,5,0,,,
"ุณูุงู ูุง 4 ุดุจ ุงูุงูุช ุฏุงุดุชู ุฏุฑ24 ุชุง28 ุฏ ูุงู 96
ุชุฑุงูุณูุฑุฎูุจ ุจู ูููุน 
ูพุฐุฑุด ุณุฑุน ุงูุฌุงู ุดุฏ",3,2,,,
ฺฉูุช ุตุจุญุงูู ุฎูุจ ุงูุง ุชููุน ฺฉูู,3,1,,,
ูุชู ุฏุฑุญุฏ 3 ุณุชุงุฑู ุงุณุช ุงุชุงู ูุง ุจุฒุฑฺฏ ุงูุง ููุงูู ูุงูุฏู ูฺฉููู,3,1,,,
ุชูุงู ุงุชุงู ูุงุงุทุฑุงู ุญุงุท ูุณุฑูุตุฏุงูุงฺฉุงููุง ุจู ุงุชุงู ู ุงุฏ ุณฺฉูุช ูุณุช,3,0,,,
ุงูุงูุณุจุช ุจู ููุชุด ุฎูุจู ูุงููุฑ 580 ุจุงูพุฑูุงุฒ ุฑูุชู ุงูุง ุฑูุชุงุฑ ูพุฑุณูู ุฎู ุฎูุจ ุจูุฏ ูููุนุช ูฺฉุงู ูุชู ูู ุนุงูู ูุญูุทู ุญุงุทุด ูุดูฺฏู,3,2,,,
ุณูุงู ุฎุงููุงุฏู ูู ุณู ุฑูุฒ ุงุฒ ุณูู ุจููู ุชุง ุดุดู ุจููู ุฏุฑ ุงู ูุชู ุงูุงูุช ุฏุงุดุชู ุจุณุงุฑ ุงุฒ ูุฏุฑุช ูุนุงู ู ูุธู ู ุจุฑูุงูู ุฑุฒ ุตุญุญ ฺฉู ุงุฌุงุฏ ูุถุง ุจุณุงุฑ ุดฺฉ ู ุชูุฒ ููุธู ูฺฉุฑุฏ ููููู ,5,2,,,
ูุงูุงุฑ ู ุตุจุญุงูู ุจุณุงุฑ ุนุงู ,5,2,,,
 ูุถุง ุณุจุฒ ู ุณุงุญู ุจุณุงุฑ ุนุงู,5,2,,,
ู ุจุฑุฎูุฑุฏ ฺฉุงุฑฺฉูุงู ุจุณุงุฑ ุฎูุจ,5,2,,,
 ุงฺฏุฑ ุจุงุฒ ุจุฑูุงูู ุง ุจุฑุง ุณูุฑ ุจู ฺฉุด ุฏุงุดุชู ุจุงุดู ุญุชูุง ุงู ูุชู ุฑุง ุงูุชุฎุงุจ ูฺฉูู,5,2,,,
ุฏุฑุถูู ุงุชุงููุง ุจุณุงุฑ ุจุฒุฑฺฏ ู ุฏูุจุงุฒ ุจูุฏ ููููู ุงุฒ ุจุงุจุช ููู ฺุฒ,5,2,,,
ุฎู ุงุฏู ุฎูุจ ุจูุฏ ฺฉู ฺฉ ูุชู ฺฉูุงุฑ ูุฑูุฏฺฏุงู ุชุงุณุณ ุดุฏู.ฺฉ ุดุจ ุงุจุณ ุงูุงูุช ุฏุงุดุชู,3,2,,,
ุฏุงุฎู ุงุชุงู ูุณูุงฺฉ ุฎูุฑ ุฏูุฏุงู ู ฺุฒูุง ฺฉู ุชู ุงุบูุจ ูุชููุง ูุณุช ูุจูุฏ....ูฺฉุฑ ฺฉูู ุญุช ุฏููพุง ูู ูุจูุฏ,3,0,,,
ูุงุจ ุดฺฉ ุจูุฏ,3,2,,,
ุตุจุญุงูู ุฎูุจ ุจูุฏ ,3,2,,,
ุงูุง ุงุชุงู ฺฉูฺฺฉ ู ุจ ุฑูุญ ุฏุงุดุช ,3,0,,,
ู ุณุฑูุณ ุจูุฏุงุดุช ู ุญูุงู ูู ูุซู ุงุบูุจ ูุชููุง ุงุฑุงู ูุนููู ุจูุฏ. ูุชู ูุนููู ุจูุฏ ,3,1,,,
ุงูุจุชู ูุธุงูุช ูุชู ุฎูุจ ุจูุฏ,3,2,,,
ุจุฑุฎูุฑุฏ ูพุฑุณูู ูู ุฎูุจ ุจูุฏ,3,2,,,
ุงูุง ูุซู ุงุจุณ ฺฉุดูุฑูุง ุฏฺฏู ูุณุช,3,0,,,
ุจุงุฒ ูู ุฎุฏุง ุฑู ุดฺฉุฑ ุจู ูุงุตูู ฺฉู ุงุฒ ูุฑูุฏฺฏุงู  ูุชู ุชูุฒ ูุณุช,3,2,,,
ุณูุงู ูู ุฏุฑ ุชุงุฑุฎ 96/10/17 ุจู ูุฏุช ุณู ุดุจ ู ฺูุงุฑ ุฑูุฒ ุจู ููุฑุงู 12ููุฑ ุงุฒ ุงุนุถุงุก ุฎุงููุงุฏู ูููุงู ูุชู ูุงุชุฑุง ุจูุฏู ... ุฎุงููู ูุง ุฑู ฺฉู ูุฏููุฏ ฺูุฏุฑ ุญุณุงุณ ูุณุชู โบ ฺูู ุฎูุฏู ุงู ูุชู ุงูุชุฑูุช ู ุงุฒ ุฎููุฏู ูุธุฑูุง ุงูุชุฎุงุจ ฺฉุฑุฏู ุชุฑุฌุญ ุฏุงุฏู ูุธุฑู ุจููุณู ุชุง ฺฉูฺฉ ุจู ุจูู ุจุงุดู .. ุจู ููุงูุฏฺฏ ฺฏุฑูู 13 ููุฑู ููู ูุชู ุงุฒ ููู ูุธุฑ ุนุงู ุจูุฏ,4,2,,,
ุจุงุชุดฺฉุฑ ุงุฒ ููู  ูพุฑุณูู ุงุนู ุงุฒ ูพุฐุฑุดฺฏุฑุงู ุนุฒุฒ ุ ฺฉุงุฏุฑ ุขุดูพุฒุฎุงูู ู ุฑุณุชูุฑุงู ู ฺฉุงู ุดุงูพ ู ุฎุฏูู ู ุขฺุงูุณ ูุฑุจูุท ุจู ูุชู ...,4,2,,,
ู ุชุดฺฉุฑ ูฺู ุงุฒ ุฎุงูู ุนุจูุฏ ุฑุฒุฑูุงุณูู ูุชู ฺฉู ุงุฒ ุฑุงู ุฏูุฑ ูุฑ ููู ุฏุฑ ููุฑุฏ ูฺฺฏ ุงุชุงููุง ุจู ูู ุฏุงุฏู ุจูุฏ ุ ุนูู ฺฉุฑุฏู ุจูุฏ ๐,4,2,,,
ุงู ูุชู ุจุณุงุฑ ุฒุจุงุณุชุ ุฏุณุชุฑุณ ุนุงู ุจู ุฏุฑุง ู ูุฑุงฺฉุฒ ุฎุฑุฏ ุฏุงุฑู,3,2,,,
ุตุจุญุงูู ุฎู ุฎูุจ ุจูุฏ,3,2,,,
ูพุฑุฎูุฑุฏ ูพุฑุณูู ูุฎุตูุตุง ุฏุฑุจุงู ูุง ุจุณุงุฑ ุฎูุจ,3,2,,,
 ูุง ุณูุช ุณุงุญู ฺฉุงุจุงูุง ฺฏุฑูุชู ุจูุฏู ุจุฑุง ต ููุฑุ ุชู ุณุงุช ูุชู ุฒุฏู ุจูุฏ ุฏุงุฑุง ฺฉ ุงุชุงู ุฎูุงุจ ฺฉู ููฺู ฺุฒ ูุจูุฏุ ู ุงุชุงู ุจุฒุฑฺฏโุจูุฏ ุจุง ูพูุฌ ุชุง ุชุฎุชุ ุฎู ฺฉูุช ูุฏุงุดุช. ุชูุตู ูฺฉูู ุงุฒ ุงู ุณูุช ูุง ูฺฏุฑู ู ุงุชุงู ูุง ูุชู ุฑู ุฑุฒุฑู ฺฉูู,3,0,,,
 ฺฉู ูู ููุงุธุจ ูุณุงูุชูู ุชู ุงุชุงู ุจุงุดู. ุนูฺฉ ุขูุชุงุจ ูู ุฑูุฒ ุงูู ุชู ุงุชุงู ุจุนุฏ ูุธุงูุช ฺฏู ุดุฏ....,3,0,,,
ุณูุงู ูุง 22 ุชุง 26 ุฏ 96 ุฏุฑ ูุชู ุขุฑุชุง ุงูุงูุช ุฏุงุดุชู. ุงู ูุชู ุงุฒูุญุงุธ ุชูุฒ ู ุจุฑุฎูุฑุฏ ูพุฑุณูู ุฎูุจู.,4,2,,,
 ุตุจุญุงูู ู ูุงูุงุฑ ุฏุฑ ุญุฏ ุฎูุจ ูุณุชุด,4,2,,,
ุงูุง ุงุชุงู ูุง 2 ุชุฎุชู ฺฉูฺฺฉ ูุณุชู ู ุฏุณุชุดู ุงุฑุงู ูุฏุงุฑูุฏ,4,2,,,
ุงูุง ูู ุฏูุจุงุฑู ุงฺฏุฑ ุจู ูุดู ุณูุฑ ฺฉูู ููู ูุชู ุฑู ุงูุชุฎุงุจ ูฺฉูู. ุงู ูุชู ุจุณุงุฑ ูุฒุฏฺฉ ุจู ุณุช ุณูุชุฑ ู ุณุงุญู ูุณุชุด,4,2,,,
ูู ูู ุงูููู ุฏุฑ ูุชู ุงูุงูุช ุฏุงุฑู ู ุจุง ุงูููู ุฏุฑุจุฑุฎู ูุชู ูุงู ูููุณ ุงูุฑุงู ุงูุงูุช ุฏุงุดุชูุูุธุงูุช ู ุชููุฒูุุจุฑุฎูุฑุฏ ูุงุฑููุงู ุขููุฒุด ุฏูุฏูุุบุฐุงุูููุช ููุงุณุจ ุงูุงูุช ู ุฑุณูุฏฺฏู ุฑู ุฏุฑ ุญุฏ ุจุณูุงุฑ ูุทููุจ ููุฏููู ,4,2,,,
 ู ุจุฑุงู ุณูุฑูุงู ุจุนุฏู ุญุชูุง ุงูู ูุชู ุฑู ุงูุชุฎุงุจ ุฎูุงูู ูุฑุฏ..,4,2,,,
ูุชู ุจุง ุงูฺฉุงูุงุช ู ุชุฌูุฒุงุช ุจุณุงุฑ ุนุงู ู ูุฏุฑูุุงุชุงููุง ููฺฉุณ ุจุง ู ุชูุฒ,4,2,,,
ุุตุจุญุงูู ูุชููุน ู ุนุงู,4,2,,,
ฺฉุงุฑฺฉูุงู ูุคุฏุจ ู ุฎูุด ุจุฑุฎูุฑุฏ,4,2,,,
ู ููู ุงููุง ุงูุงูุช ุจุณุงุฑ ุฎูุจ ุฑู ุจุฑุง ูุง ุฑูู ุฒุฏ.ุฏุฑ ุตูุฑุชฺฉู ุงฺฏุฑ ุจุงุฑ ุฏฺฏุฑ ูู ฺฏุฐุงุฑู ุจู ุชุจุฑุฒ ุจูุชู ููู ูุชู ุฑู ุงูุชุฎุงุจ ูฺฉูู.,4,2,,,
ุจูุฏู ณุจุงุฑ ุฏุฑ ุงู ูุชู ุงูุงูุช ุฏุงุดุชู,5,2,,,
ุงุฒ ูุฑ ูุญุงุธ ุชูุฒ ูุชู ุจุณุงุฑ ุฎูุจ ูุจุงุดุฏ ุฑูุชุงุฑ ูพุฑุณูู ุนุงู,5,2,,,
ุงูฺฉุงูุงุช ุนุงู .ูุงุจ ุจุณุงุฑ ุดฺฉ.ููู ฺ ุฏุฑุญุฏ ุนุงู ุจู ุดูุง ูู ูพุดููุงุฏ ูฺฉูู.ุชุดฺฉุฑ,5,2,,,
ุจุฑุฎูุฑุฏ ูุงุฑููุงู ุนุงูู,4,2,,,
"ุตุจุญุงูู ุฎูุจ 
ุฑุณุชูุฑุงู ุฎูุจ ุงูุง ูู ุฏุฑ ุญุฏ ูฅุณุชุงุฑู",4,1,,,
ุชููุฒู : ุญุดุฑุงุช ุฑูุฒู ููุฏูุฏู ูู ูููุฏููู ุจุฎุงุทุฑ ููุต ุฏุฑ ูุธุงูุช ุจูุฏ ูุง ุจุฎุงุทุฑ ุงูููู ุงุชุงู ูุง ุฌุฒ ุก ุงุชุงููุงู ูููุณ ูุญูุทู ุจูุฏ ูู ุฏุงุฎู ุณุงุฎุชูุงู ูุชู,4,0,,,
ูุชู ุจุณูุงุฑ ุนุงูู ุชููุฒ,5,2,,,
ุจุฑุฎูุฑุฏ ูุงุฑููุฏุงู ุนุงูู ุตุจุญุงูู ุนุงููู ููุท ูุง ฺูู ุฏุฑ ูุตู ุฒูุณุชุงู ุฑูุชู ุจูุฏูู ูุงูู ุดุงูพ ู ุงุณุชุฎุฑ ุจุงุฒ ูุจูุฏ,5,2,,,
"ุณูุงู ุจูุชุฑูู ุณูุฑ ุนูุฑู ุฑุง ุจู ููุฑุงู ููุณุฑู ุฏุฑ ููุด ฺฏุฐุฑุงูุฏู ุฏู ูฉูฆ ุจุฑุงู ุฏู ุดุจ
ูููุดู ุจุงูุงุชุฑ ุงุฒ ุจูุชุฑูู ูู ูุณุช ูพุณ ูุธุฑ ูู ูู ูุธุฑ ูุณุจู ุงุณุช ุดุงูุฏ ุฎููู ุฎูุจ ุจูุชุฑูู ุนููุงู ุจุฑุงู ุงูู ูุชู ุจุงุดู",4,2,,,
 ููุฑ ูู ุงุชุงู ูุง,4,0,,,
ูุถุงู ููฺู ุงุชุงู ูุงู ุฏู ููุฑู,4,0,,,
ุฏูุฑู ุงุฒ ุณุงุญู,4,0,,,
ุบุฐุงูุงู ูุณุจุชุง ฺฏุฑุงู,4,0,,,
ูุจูุฏ ุชูุงูุช ุงูุฑุงูู,4,0,,,
ูุชู ุงุฑฺฏ ุจุณุงุฑ ุนุงู ุจูุฏ,5,2,,,
ุงุชุงููุง ุฎู ุดฺฉ ููฺฉุณ ู ูุงููุง ุชูุฒ ุจูุฏ,5,2,,,
 ุจุฑุฎูุฑุฏ ฺฉุงุฑฺฉูุงู ูุงูุนุง ุนุงู ุจูุฏ ููููุชุฑ ุงุฒููู ุฏุณุชุฑุณ ุจู ููุงุท ุงุณุงู ู ุฎู ูุฒุฏฺฉ ุจูุฏ. ุณูพุงุณฺฏุฒุงุฑู ุงุฒูุฏุฑุช ูุชู,5,2,,,
ูู ุงุฑุฏูุจูุดุช ูุงู ุงููุฌุง ุจูุฏู ูุงูุนุง ุนุงูู ุจูุฏ,4,2,,,
ูู ุงุชุงูุด ุนุงูู ุจูุฏ ุชููุฒ ูุฏุงุฑุงู ุชูุงู ููุงุฒู ุจูุฏ,4,2,,,
ููู ูพุฑุณูู ูู ููฺฏู ุฎูุจ ุจูุฏูุฏ,4,2,,,
ุจุง ุณูุงู ูุง ุฏุฑ ุชุงุฑุฎ ท ุฏูุงู นถ ุจ ูุฏุช ุณู ุฑูุฒ ุฏุฑ ุงู ูุชู ุงูุงูุช ุฏุงุดุชู ูุชู ุฎูุจ ุจูุฏ ุงุฒ ูุญุงุธ ุจุฑุฎูุฑุฏ ูพุฑุณูู ู ฺฉุงุฑฺฉูุงู ู ุชูุฒ ู ููฺูู ฺฉูุช ุบุฐุง ูุง ู ุงูุชุฑูุช ู ุฏุณุชุฑุณ ุจ ูุฑุงฺฉุฒ ุฎุฑุฏ ู ูพุงุฑฺฉ ุดูุฑ ฺฉุด ,5,2,,,
ุฏุฑ ฺฉู ูุง ุฑุงุถ ุจูุฏู ู ุจุงุฒ ุฏูุจุงุฑู ููู ูุชู ุฑู ุงูุชุฎุงุจ ูฺฉูู,5,2,,,
ุจุงุณูุงู ..ูุง ุงุฒ ุชุงุฑุฎ ฑท ุชุง ฒฒ ุงุณููุฏ ุงูุณุงู ุฏุฑ ูุชู ุตุฏู ุงูุงูุช ุฏุงุดุชู ..ููู ฺุฒ ุจุณุงุฑ ุนุงู ุจูุฏ,5,2,,,
ุงุฒ ุฑูุชุงุฑ ฺฉุงุฑฺฉูุงู ุจุณุงุฑ ุฑุงุถ ุจูุฏู ,5,2,,,
ุงุทุงู ูุง ุจุณุงุฑ ุชูุฒ ู ูุถุง ุฏููุดู ุฏุงุดุช ..ูุญุท ูุชู ุฎู ุดฺฉ ู ุณุฑ ุณุจุฒ ุจูุฏ ,5,2,,,
ุชููุน ุตุจุญุงูู ุจุณุงุฑ ุฒุงุฏ ู ููู ฺุฒ ุนุงู ุจูุฏ ..ุฑุณุชูุฑุงู ุดฺฉ ู ุชูุฒ ..ฺฉูุช ููุงุฑ ูู ุฎู ุนุงู ุจูุฏ ,5,2,,,
ุจู ููู ุฏูุณุชุงู ุงูุงูุช ุฏุฑ ูุชู ุตุฏู ุฑู ูพุดููุงุฏ ูฺฉูู,5,2,,,
ุจู ุงฺฉุซุฑ ูุฑุงฺฉุฒ ุฎุฑุฏ ู ุงูุงฺฉู ุชูุฑุญ ูู ูุฒุฏฺฉ ุจูุฏ,5,2,,,
ูุชู ุฎู ุชูุฒ ุจูุฏ . ูพุฑุณูู ููุฏุจ ู ฺฉุงุฑ ุจูุฏ .,5,2,,,
"ูพุดููุงุฏ ูฺฉูู ุญุชูุง"" ุงุฒ ุฑุณุชูุฑุงูุด ูู ุงุณุชูุงุฏู ฺฉูุฏ .",5,2,,,
"ุจู ูุง ุฎู ุฎูุด ฺฏุฐุดุช .
ูุฎุตูุตุง"" ฺฏุดุช ุฌุฒุฑู ฺฉู ุจุง ูุงุดู ูุชู ุฑูุชู .",5,2,,,
ุณูุช ููุธุฑู ุจุณุงุฑ ุฒุจุง ุงุฒ ุฌูฺฏู ุฑู ุจู ููุงุด ฺฏุฐุงุดุชู,4,2,,,
 ฺฉุงุฑฺฉูุงู ูุชู ุจุณุงุฑ ุฎูุด ุจุฑุฎูุฑุฏ ูุณุชูุฏ ,4,2,,,
ุชุฌุฑุจู ุจุณุงุฑ ุฏููพุฐุฑ ุงุฒ ุงูุงูุช ุฏุฑ ูุชู ุฏุงุดุชู,4,2,,,
ุฎู ุฎู ุฎู ุฑุงุถ ุจูุฏู ุงุฒ ูุชู ุฏุฑูุด ุนุงุงุงู ุจูุฏู ููุท ู ูพุดููุงุฏ ุฏุงุฑู.ุงูฺฉู ุฏุฑ ุดุดู ูุง ุงุณุชูุงูู ุง ฺฉู ุชูุด ฺฏู ูุตููุน ูุฑูุฒ ู ุณูุฏ ูุณุช ุงุฒ ฺฏู ูุตููุน ุงุฑฺฉุฏู ุงุณุชูุงุฏู ฺฉูู ุฎู ูุดูฺฏ ุชุฑ ูุดู,5,2,,,
ูู ุงุฐุฑ 96 ุงูุฌุง ุจูุฏู ูุชู ุฎู ุฎูุจู ูพุฑุณูู ุนุงู,4,2,,,
ู ูุฒุฏฺฉ ุญุฑู ุตุจุญููู ุจููู ู ูุชููุน ู ููู ุณูู ุณุฑูุณ ุจุฑุง ูุงูุงุฑ ู ุดุงู ูุชู ุฑูุจุฑู ฺฉุงูุง ูุฑูุชู ฺฉู ุงูู ูู ุนุงู ุจูุฏ ุชูุฒ ู ูุชููุน,4,2,,,
ูุชู ูุณุจุชุง ุฎูุจ ูุณุช ฺฉุงุฑููุฏุงู ุจุฑุฎูุฑุฏ ุฎูุจ ุฏุงุฑู ูู ุชุงุญุงูุง ฺูุฏ ุจุงุฑ ุฑูุชู,3,2,,,
"ุงู ูุชู ูุฎุตูุตุง ุงุณุชุฎุฑ ุฎุตูุต ุฏุงุฑูุฏ ูู ุฎุจ ุจุง ููุงุณู ุจุง ูุชู ูุง ูู ุฑุฏู ุฎูุฏุด ฺฉูุจูุฏูุง ุฏุงุฑู 
ุงุฒ ูุธุฑ ููุช ูู ุฎุจ ฺฉูุง ูุชู ุฏุงุฎู ุงุฑุงู ฺฏุฑูู ูุณุช",3,1,,,
ูู ฺฉู ุจุง ุงูุงูุชู ุฏุฑ ูุชู ูพุฑุณูพููุณ ุฎูุด ุจูุฏู ู ุญุงู ฺฉุฑุฏู,3,2,,,
ูุชู ุชูุฒ ู ุฏูุฌ ุจุง ูุฏุฑุช ุนุงู ู ูุฑุฏู ุฏุงุฑ,5,2,,,
ูุญุท ูุงุจ ุณูุช ู ุฒุจุง ุฏุฑูุตู ูพุงุฒ ุจุณุงุฑ ฺฏุฑู,5,2,,,
ูููุนุช ุนุงู ุจุฑุฎูุฑุฏ ููุงุณุจ ุฏุณุชุฑุณ ู ููุธุฑู ุนุงู ูุธุงูุช ุฎูุจ,3,2,,,
 ุงูุชุฑูุช ุจุณุงุฑ ุจุฏ ู ุถุนู ฺฉู ุฎู ุงุฒ ููุงูุน ุงูฺฉุงู ุงุฑุชุจุงุท ูุฑุงูู ูุณุช ุนุฏู ูุฌูุฏ ุงุณุงูุณูุฑ ุฏุฑ ุจุนุถ ุงุฒ ุงุทุงููุง ุจุฑุง ฺฉุณุงู ฺฉู ูุดฺฉู ุฌุณู ุฏุงุฑูุฏ ูุงุจู ุชูุฌู ูุณุช,3,0,,,
 ุฏุฑ ุญุฏ ฺฉ ูุชู ุณู ุณุชุงุฑู ุจุณุงุฑ ุฎูุจ ูุณุช ู ุฏุฑ ฺฉู ุจุฑุง ฺูุฏ ุดุจ ุฎุงุทุฑู ุฎูุจ ุฎูุงูุฏ ุฏุงุดุช,3,2,,,
ููู ุงูฺฉุงูุงุช ู ุชุฌูุฒุงุช ู ุฎุฏูุงุช ุฏุฑ ุญุฏ ุงุณุชุงูุฏุงุฑุฏูุง ุฌูุงู ู ุญุช ุจุงูุงุชุฑ,5,2,,,
"ุงุฒ ุณุงุณุงู
ุฑูุชุงุฑ ุนุงู ฺฉุงุฑฺฉูุงู ุ ฺฉูุช ุงุชุงููุง ู ุฑุณุชูุฑุงู ููู ููุฑู ุนุงู ู 20 ุฏุงุฑู ุชุดฺฉุฑ ุงุฒ ูุฏุฑุช ู ฺฉุงุฑฺฉูุงู ุนุฒุฒ ูุชู ุณุงุณุงู ุดุฑุงุฒ",5,2,,,
ุจู ุฌุฑุงุช ู ูู ู ฺฏู ฺฉู ุจูุชุฑู ูุชู ุงุฑุงู ,5,2,,,
ููู ุงูฺฉุงูุงุช ู ุชุฌูุฒุงุช ู ุฎุฏูุงุช ุฏุฑ ุญุฏ ุงุณุชุงูุฏุงุฑุฏูุง ุฌูุงู ู ุญุช ุจุงูุงุชุฑ ุงุฒ ุงููุง ,5,2,,,
"ุฑูุชุงุฑ ุนุงู ฺฉุงุฑฺฉูุงู ุ ฺฉูุช ุงุชุงููุง ู ุฑุณุชูุฑุงู ููู ููุฑู ุนุงู ู 20 ุฏุงุฑู 
ุชุดฺฉุฑ ุงุฒ ูุฏุฑุช ู ฺฉุงุฑฺฉูุงู ุนุฒุฒ ูุชู ุงูุง",5,2,,,
ุณูุงูุูุงูููู ฺูุฏ ุฑูุฒ ูพูุด ุฏุฑ ุงูู ูุชู ุงูุงูุช ุฏุงุดุชูู ูุชูู ูุงูุนุง ุนุงูู ุจุง ุงุชุงู ูุงู ุจุฒุฑฺฏ ูููู ุงูุนุงุฏู ุชููุฒ,4,2,,,
ูุชุงุณูุงูู ุตุจุญุงูู ุชูุฑุงุฑู ุจูุฏ,4,0,,,
ููู ูุณุจุช ุจู ูขุณุงู ูุจู ูู ุฏุฑุงูู ูุชู ุงูุงูุช ุฏุงุดุชูู ุงุชุงู ูุง ูุณุฑููุณ ุจูุฏุงุดุชู ูุงููุง ุชุนููุฑุดุฏู ุจูุฏู ูููู ุงูุนุงุฏู ุฑุงุถู ุจูุฏูู,4,2,,,
ุชุงุฑุฎ ุณูุฑ ฑด-ฑฑ ุขุฐุฑ นถ ูุชู ุงุฒ ูููุนุช ูฺฉุงู ููุงุณุจ ุจุฑ ุฎูุฑุฏุงุฑ ูุจุงุดุฏ ุจู ูุฑุงฺฉุฒ ุฎุฑุฏ ูุฒุฏฺฉ ุจูุฏู ,2,2,,,
ู ูพุฑุณูู ูุชู ุจุฑุฎูุฑุฏ ููุงุณุจ ุจุง ูููุงูุงู ุฏุงุดุชูุฏ,2,2,,,
ูุงุจ ูุชู ุฏุฑ ุญุฏ ูุชู ุณู ุณุชุงุฑู ุจูุฏ ุงูุง ุงุชุงู ุณู ุชุฎุชู ฺฉู ูุง ุฏุฑ ุงุฎุชุงุฑ ุฏุงุดุชู ุจุณุงุฑ ูุงููุงุณุจ ู ุฏุฑ ุญุฏ ุงุชุงู ูุณุงูุฑุฎุงูู ุฏุฑุฌู ฒ ุจูุฏ,2,0,,,
ุฑุณุชูุฑุงู ู ุงุชุงููุง ูุชู ุฏุฑ ุญุงู ุจุงุณุงุฒ ุจูุฏ ู ูุณุงูุฑุงู ุงุฒ ุงูฺฉู ูุชู ุฏุฑ ุญุงู ุจุงุฒุณุงุฒ ูพุฐุฑุด ูุณุงูุฑ ุฏุงุฑุฏ ฺฏูุงู ุฏุงุดุชู ู ูุงุฑุงุถ ุจูุฏูุฏ,2,0,,,
ููู ฺ ุนุงู.ุตุจุญุงูู ฺฉุงููุ ุจุฑุฎูุฑุฏ ูพุฑุณูู ุนุงู,5,2,,,
ูุงูุนุง ุงุฒ ูุชู ูพูุฌ ุณุชุงุฑู ฺุฒ ฺฉู ูุฏุงุฑู.ุจุง ุชุดฺฉุฑ ุงุฒ ูุฏุฑุช ู ฺฉุงุฑฺฉูุงู ูุชู,5,2,,,
"ุจุง ุนุฑุถ ุณูุงู ูุฎุณุชู ูุจุงุดุฏ
ุงูุณุงู ููุฑ 96 ุจู ูุดู ูุณุงูุฑุช ฺฉุฑุฏู ู ูุชู ุณูุง2 ุฑุง ุงูุชุฎุงุจ ฺฉุฑุฏู ฺฉู ุฎู ุฎู ุชูุฒ ู ุดฺฉ ุจูุฏ ูุงูุนุง ูุชู ุชู ูุดู ุจู ุงู ุชูุฒ ูุฏุฏู",5,2,,,
ุฑูุชุงุฑ ูพุฑุณูู ู ุจุฎุตูุต ูุฏุฑุช ูุฌููุนู ุฌูุงุจ ุขูุง ุจูุฑุงููพูุฑ ูุงูุนุง ุนุงู ุจูุฏ,5,2,,,
ฺฉูุช ุตุจุญุงูู ูู ุฎูุจ ู ูุชููุน ุจูุฏ,5,2,,,
 ุตุฏุตุฏ ุจ ุนุจ ูุจูุฏ ูู ุฎู ุฎูุจ ุจูุฏ ูุง ุฑุงุถ ุจูุฏู,4,2,,,
ุฑูุชุงุฑ ูพุฑุณูู ุนุงู ุจูุฏ ุฏุณุชุฑุณ ุงุฒ ูุฑูุฏฺฏุงู ุนุงู ุจูุฏ,4,2,,,
ูู ู ููุณุฑู ุฏูุดุจ ุฏุฑ ุงู ูุชู ู ฺฉ ุดุจ ุฏุฑ ูุชู ุตูุงู ุงูุงูุช ุฏุงุดุชู. ูู ุงู ูุชู ุฑุง ุฎู ุจุดุชุฑ ูพุณูุฏุฏู. ุจู ุฎุงุทุฑ ุงุฎูุงู ุฎูุจ ูพุฑุณูู. ูุตุง ุจูุทุฑ. ุงุฑุงูุด.ุตุจุญุงูู ุฎูุจ .,4,2,,,
ุงุชุงู ูุง ฺูุงุฑ ุชุฎุชู ู ุฎู ุฎูุจ ุจูุฏ ูู ุงุชุงู ููุณูุฑุงููู ฺฉู ูุงุฒ ุจู ููุณุงุฒ ุฏุงุฑู. ุญููู ูุง ูู ฺฉู ฺฉููู ุจูุฏ,4,1,,,
ูู ุฏุฑ ูุฌููุน ูู ุงฺฏุฑ ุจู ุฒุฏ ุฏูุจุงุฑู ุจุฑูู ุจู ุงู ูุชู ุฎูุงูู ุฑูุช ุจุง ุณูพุงุณ ุงุฒ ููุดูู.,4,2,,,
ุจุงุณูุงู ูู ู ููุณุฑู ูุงู ุนุณู ุฎูุฏ ุฑุง ุฏุฑ ูุชู ูุฑุฏูุณ ฺฏุฐุฑุงูุฏู ุจุง ุชุดฺฉุฑ ุงุฒ ูพุฑุณูู ูุธุงูุช ุนุงู ,4,2,,,
ู ุณุฑูุณ ุฑูุช ู ุจุฑฺฏุดุช ุญุฑู ูู ุนุงู ุจูุฏ,4,2,,,
ุจุง ุณูุงู ูุชู ููุง ูพุฐุฑุด ุฎูุจ,4,2,,,
 ุจู ุญุฑู ูุฒุฏฺฉ,4,2,,,
ูุถุง ูุชู ุฎูุจ ฺฏุฑุฏุดฺฏุฑ ุถุนู ุฏฺฉูู ูุง ุงุณุงูุณูุฑ ุฎุฑุงุจ ,4,0,,,
 ูุถุง ุบุฐุงุฎูุฑ ุจุณุชู ู ููุง ูุฏุงุดุช ฺฉูุช ูุงูุงุฑ ู ุดุงู ูุชูุณุท ููุธุงูุช ูุชูุณุท ุจุง ุงูฺฉุงูุงุช ฺฉู ุฏุงุฑุฏ ูุชูุงูุฏ ุจูุชุฑู ุดูุฏ,4,1,,,
ูุงูุนุง ุนุงู ูุชู ุชูุฒ ุฑูุชุงุฑ ูพุฑุณูู ุนุงู,5,2,,,
ุณูุงู.ูู ุณู ุฑูุฒ ุฏุฑ ูุชู ุงูุงูุช ุฏุงุดุชู ู ุงุฒ ูุธุฑ ูุฒุฏฺฉ ุจู ุญุฑู.ุจุฑุฎูุฑุฏ ูพุฑุณูู.ฺฉูุช ู ุฑุณุฏฺฏ ุบุฐุง.ุงูฺฉุงูุงุช ูุชู ุนุงู ุจูุฏ.,5,2,,,
ูุงูุนุง ุฎุงุทุฑู  ุฎูุจ ุงุฒ ุงูู ุณูุฑ ุฏุงุฑู.,5,2,,,
ุณูุงู ูุง ุงูุงู ุงูุฌุงู ุญุฑู ูุฏุงุฑููููู ูุงูุนุง ูุชู ุฎูุจู ,5,2,,,
 ุฎูุด ุงุฎูุงูู ูููุฏุจู ุจุงุฏ ฑฒ ุงุชุงู ุชุญูู ุจุฏู ูู ุชุง ด ูุชููู ุจุงุดู,5,2,,,
ูุง ุฏุฑ ุงุจุงู96 ุฏุฑ ุงู ูุชู ุงูุงูุช ุฏุงุดุชู ุธุงูุฑ ูุชู ุจุณุงุฑ ุดฺฉ ู ูุงุจ ู ุฑุณุชูุฑุงู ุชูุฒ ู ููฺฉุณ ูุณุช ,4,2,,,
ุงูุง ุงุชุงู ฺฉู ุจู ูุง ุฏุงุฏูุฏ ฺฉุงุณู ุฏุณุชุดู ุดฺฉุณุชู ุจูุฏ ู ุชูุงูุช ูุฑูฺฏ ูู ุขุจ ู ุฏุงุฏ ู ูู ุจูุฏ.ุงุชุงู ฺฉ ุฏุฑ ุดุดูโุง ุจู ุญุงุท ุฏุงุดุช ฺฉู ููู ุขู ุฎุฑุงุจ ุจูุฏ ู ฺฉ ฺูุจ ูุง ุฏุฑ ฺฏุฐุงุดุชู ุจูุฏูุฏ ฺฉู ุฏุฑ ุงุฒ ุจุฑูู ุจุงุฒ ูุดู ,4,0,,,
ฺฉูุง ุธุงูุฑ 5 ุณุชุงุฑู ุฑุง ุฏุงุฑุฏ ูู ุงุฒ ุฏุฑูู 4 ุณุชุงุฑู ุงุณุช,4,0,,,
 ุงุฒ ูุญุงุธ ุงูฺฉุงูุงุช ูุธุฑ ุงุณุชุฎุฑ ุฎู ุฎูุจ ูุชู ุงุณุช ,4,2,,,
ุตุจุญุงูู ููุตู ู ุจุง ฺฉูุช ุฏุงุฑุฏ ู ุบุฐุง ุฑุณุชูุฑุงู ูู ุฎูุจ ุจูุฏ.,4,2,,,
ุฑุงุณุชุด ูฺฉุงูุด ุนุงูู ..ุขุจ ู ููุง ุฎูุจ ุฏุงุฑู ,3,2,,,
ฺฉุงุฑฺฉูุงูุด ูู ุจุฑุฎูุฑุฏุดูู ุฎูุจ ุจูุฏ ,3,2,,,
ุงูุง ฺฉูุช ุบุฐุงุฎู ูพุงู ุจูุฏ,3,0,,,
ูู ูพุงุฑุณุงู ุงุฐุฑ ูุงู ุฏุงุฎู ุงู ูุชู ุณู ุดุจ ุงูุงูุช ุฏุงุดุชู ุชูุฒ ุจูุฏ ุธุงูุฑ ุจุฑูู ู ูุงุจ ุฎูุจ ุจูุฏ ,3,2,,,
ูู ููุฑ ุงุชุงูุง ุฎู ฺฉู ุจูุฏ ุฏูุช ูฺฏุฑูุช ,3,0,,,
ุตุจุญุงูู ู ูุงูุงุฑ ุฎู ูุชููุน ุจูุฏ ูู ุฎู ุจุฏูุฒู ูู ููุท ุชุณุช ูฺฉุฑุฏู ูุฐุงุดุชู ฺฉูุงุฑ ูุงูุนู ุบุฐุงูุงุด ุจุฏ ุจูุฏ,3,0,,,
ูุชู ุจุณุงุฑ ูุฒุฏฺฉ ู ฺุณุจุฏู ุจู ุตุญู ูุฏุงุช ู ูุชู ุขุฑุงู ู ุชูุฒ ู ุจุง ูพุฑุณูู ุจุณุงุฑ ุจุง ุงุฎูุงู ู ุจุง ุชุฌุฑุจู,5,2,,,
 ุถููุง ูุด ุบุฐุง ูููุงูุณุฑุง ูู ุฏุฑ ุทูู ูุฏุช ุงูุงูุช ูุฏู ูุฏููุฏ,5,2,,,
ุงุฒ ูุธุฑ ูู ูุฒุฏฺฉุชุฑู ุงููุชุฑู ู ุงุญุณุงุณ ูุงูุน ุฒุงุฑุช ู ุงูุงูุช ุฑุงุญุช ู ุขุฑุงู ุฑุง ุฏุฑ ุงู ูุชู ูุชูุงู ุชุฌุฑุจู ฺฉุฑุฏ ,5,2,,,
ู ูุฎุตูุตุง ฺฉู ูุด ุบุฐุง ุญุถุฑุช ูู ุฏุฑ ุงู ูุชู ุจู ูููุงูุงู ูุฏููุฏ ุงูุฏูุงุฑู ุดูุง ูู ุชุฌุฑุจู ฺฉูุฏ,5,2,,,
ุจุง ุณูุงู ูุง ููุชู ูพุด ุงู ูุชู ุจูุฏู ูุชู ุฎู ุฎูุจ ูุชูุฒู ู ูพุฑุณูู ูู ุฎู ุจุง ุงุญุชุฑุงู ูุณุชูุฏ ุจู ุญุฑู ูู ูุฒุฏฺฉู ูุง ุฑุงุญุช ุจูุฏู,4,2,,,
ููุท ููุชูุง ุฎู ฺฏุฑููู ูุง ุชู ุณู ุฑูุฒ ูุฑุฑูุฒ ุจุฑูู ุจูุฏู ููุท ุจุฑุง ุฎูุงุจ ุขูุฌุง ู ุฑูุชู ุบุฏุงูุงุดุงู ูู ุฏุฑ ููุงุณู ุจุง ุจุฑูู ฺฏุฑููู ูุง ูุฌุจูุฑ ุดุฏู ุจุฑูู ุบุฐุง ุจุฎูุฑู ุงฺฏุฑ ูพูู ุจุฑุงุชูู ูุดฺฉู ูุจุงุดุฏ ูุชู ุฎูุจู.,4,0,,,
ูุงูุนุง ุงุฒ ููู ูุธุฑ ุนุงูู ุจูุฏ ุชูุตูู ููููู ุญุชู ูุงุณู ูู ุจุงุฑ ูู ูู ุดุฏู ุจุฑูุฏ,5,2,,,
ุถูู ุนุฑุถ ุณูุงู ู ุฎุณุชู ูุจุงุดุฏ ุชุดฺฉุฑ ูฺู ุง ูฺฉูู ุงุฒ ูพุฑุณูู ุฒุญูุช ฺฉุด ู ูููุงู ููุงุฒ ูุชู ุงุฑุงู ูพุงุฑฺฉ ฺฉู ูุฑุฏูุนู ฺฉู ูู ุงูุงูุช ุฏุงุดุชู ุฏุฑ ุงู ูุชู ุจู ุจูุชุฑู ุดฺฉู ููฺฉู ูพุฐุฑุง ฺฉุฑุฏู ุงูุฏ.ููููู ุงุฒ ุฒุญูุงุชุชูู,5,2,,,
ูุฒุฏฺฉ ุจู ุญุฑู,4,2,,,
ุงุชุงู ูุง ุชูุฒ ,4,2,,,
ูพุฑุณูู ููุฏุจ ู ุฎูุด ุจุฑุฎูุฑุฏ,4,2,,,
ูุถุนุช ุบุฐุง ุงุตูุง ุฑุถุงุช ุจุฎุด ูุณุช.,4,0,,,
ููู ุณูู ุณุฑูุณ ุจุง ุชููุน ุจุงูุง ุงูุง ฺฉูุช ููู ุงูุนุงุฏู ูพุงู ,4,0,,,
ูู ููุฑ96 ฺูุงุฑุดุจ ุฏุฑ ุงู ูุชู ุงูุงูุช ุฏุงุดุชู.ููู ฺุฒ ุนุงู ุจูุฏ.,5,2,,,
ุจุฑุฎูุฑุฏ ูพุฑุณููุ ุชูุฒ ุงุชุงู ูุงุ ููู ุตุจุญุงูู ุจ ููุต ุจูุฏ,5,2,,,
ุชููุง ููุฑุฏ ฺฉู ูุฌูุฏ ุฏุงุฑู ุฏูุฑ ุงุฒ ูุฑุงฺฉุฒ ุฏุฏู ูุณุช ฺฉู ุจุง ูุฌูุฏ ฺฏุฑ ููุงุฑุฏ ุฐฺฉุฑุดุฏู ูุงุจู ฺุดู ูพูุด ุงุณุช.,5,0,,,
"ุจุงุณูุงู
ุจูุฏู ุจุฑุง ุงููู ุจุงุฑ ฺูุฏ ุฑูุฒ ูพุด ุงูุงูุช ุฏุฑ ุงู ูุชู ุฑู ุชุฌุฑุจู ฺฉุฑุฏู ูุงูุนุง ุงุฒ ููู ูุญุงุธ ุงุนู ุงุฒ ฺฉูุช ุบุฐุง ู ุณุฑูุณ ุฏู ู ุชูุฒ ู ุขุฑุงูุด ุจ ูุธุฑ ุจูุฏ ",5,2,,,
ุชููุง ููุฑุฏ ููู ฺฉู ุฏุงุดุช ุงู ุจูุฏ ฺฉู ุชููุน ููู ุบุฐุง ุฏุฑ ูุงูุงุฑ ฺฉู ุจูุฏ ูู ุฏุฑ ุดุงู ูุตุจุญุงูู ุนุงู ุจูุฏ ุงฺฏู ุจู ุงู ููุฑุฏ ุฑุณุฏฺฏ ุดูุฏ ูุงูุนุง ูุชู ุฏุฑ ุญุฏ ููุงู ูุชู 4 ุณุชุงุฑู ู 5ุณุชุงุฑู ูุจุงุดุฏ,5,1,,,
ุงุฒ ุชุงุฑุฎ ฒฑ ถ นถ ุชุง ู ููุชู ุญุฏูุฏุง ุชู ูุชู ุงูุงูุช ุฏุงุดุชู ูุชู ุฎูุจ ุจูุฏ ูู ูุณูุช ุฎููู ุฏุงุฑ ูุชู ุฒุงุฏ ุนุงู ูุจูุฏ ุฏุฑ ฺฉู ูุชู ุฎูุจ ุจูุฏ ,3,2,,,
 ุจุงุฒ ูู ุฏุฑ ุณูุฑูุง ุจุนุฏ ุงู ูุชูู ุงูุชุฎุงุจ ูฺฉูู,3,2,,,
ูุชู ุฎูุจ ุจูุฏ ูุณุจุช ุจู ููุชุด ุงุชุงู ูุง ุฎู ุฎูุจ ุจูุฏ ู ุจู ุงูุงฺฉู ุฏุฏู ุดุฑุงุฒ ูู ูุฒุฏฺฉ ุจูุฏ,5,2,,,
 ุจุฑุฎูุฑุฏ ุฎูุจ ูพุฑุณูู ุงุฒ ูุฑ ูุธุฑ ุฎูุจ ุจูุฏ,5,2,,,
"ุจุงุณูุงู
ูุงุดูุฑููุฑ ูุงู ุจู ูุชู ูุตุฑ ุฑูุชูู ู ุงุฒ ููู ูุญุงุธ ุนุงูู ุจูุฏ ู ููฺ ุงูุฑุงุฏู ูุฏุงุดุช ",5,2,,,
ู ฺูู ูุง ุฎููู ุจู ูุดูุฏ ุณูุฑ ูููููู ู ุชู ุงูุซุฑ ูุชู ูุง ุงูุงูุช ุฏุงุดุชูู ุชู ูููู ุณูุฑููู ูู ุงูู ูุชู ุฏูฺฏู ุจูุฏูู ู ุงุฒููููุชุด ุฑุงุถู ูุจูุฏูู ู ูุชูููู ู ุนูุถ ูุฑุฏูู ู ูุงูุนุง ูู ุงุฒ ุงูุชุฎุงุจููู ุฑุงุถู ูุณุชูู ูุงู ุดุงุงููู ุฏุฑุณูุฑูุงู ุจุนุฏ ูู ูููุงู ุงูู ูุชู ุฎูุงููู ุจูุฏ ,5,2,,,
ุฌุง ุฏุงุฑู ุงุฒ ูุฏูุฑูุช ูุชู ู ูพุฑุณูู ูุชู ุชุดูุฑ ููู ุจู ุฎุงุทุฑุฌุดู ุชููุฏู ูู ุจุฑุงู ูพุณุฑู ฺฏุฑูุชู ,5,2,,,
ุจ ูุธุฑ ูู ููู ฺ ุนุงู ุจูุฏ ุงุจุชุฏุง ฺฉ ุงุฒ ุฏูุฑ ูุชู ุฑู ุฏุฏู ุฏุฑ ููุงุณู ุจุง ูุชู ุฏุงุฑูุด ฺฉ ุฑูุชู ุจูุฏู ฺฉู ุฌุง ุฎูุฑุฏู ุนู ุงูุชุธุงุฑ ุจูุชุฑ ุฏุงุดุชู ูู ุจุนุฏ ุงุฒ ูุฏุช ุงูุงูุชู ุจุฏูู ุดฺฉ ุจ ูุธุฑู ุฎู ุจูุชุฑ ุจูุฏ,5,2,,,
ูุชู ุชูุฒ ุจุง ูพุฑุณูู ููุฏุจ ู ููุธู ุตุจุญุงูู ุนุงู ุบุฐุง ุฎูุจ ุชูุฒ ุฑุงูุฑููุง ู ุขุณุงูุณูุฑ ุฎูุจ ูู ฺฉู ุญุฏูุฏ ฑธ ูุงู ูุจู ูููุงู ูุชู ุจูุฏู ุฑุงุถู ฺฉุงู ุดุงูพ ุฎูุจ,4,2,,,
 ุฑุถุงุช ููุฏ ุงุฒ ฺฉุงุฏุฑ ุฎุฏูุงุช ุฏุงุฑู ุฎุฏุง ูุตุจ ฺฉูู ฺฉู ุจุงุฒู ุจู ูพุงุจูุณ ุงูุง ุจุงู ู ูููุงู ูุชู ุดูู ,4,2,,,
ุชูุฒ ูุชู ููู ุงูุนุงุฏู ุนุงู ุจูุฏ,5,2,,,
ูุงุจ ูุชู ุชูุฒ,5,2,,,
ุจุฑุฎูุฑุฏ ฺฉุงุฑฺฉูุงู ุนุงู ุจูุฏ ูู ูพุดููุงุฏ ู ฺฉูู ุงุฒ ฺฉุงูุชุฑ ุชูุฑุญ ุจูุท ูฺฏุฑุฏ ,5,2,,,
ุจุฑุฎูุฑุฏ ฺฉุงุฑฺฉูุงู ุนุงู ุจูุฏ ูู ูพุดููุงุฏ ู ฺฉูู ุงุฒ ฺฉุงูุชุฑ ุชูุฑุญ ุจูุท ูฺฏุฑุฏ ,5,2,,,
"ฺฉูุช ุบุฐุงูุง ุนุงู 
ุฎูุงุตู ููู ฺุด ุนุงู ุจูุฏ ุญุชูุง ุจุงุฒ ู ุฑู ุงูุฌุง",5,2,,,
"ุณูุงู
ููุฑ นถ ูุชู ฺฉูุซุฑ ุจูุฏูุ ููู ฺุฒ ุนุงู ุจูุฏ",4,2,,,
ูุงูุนุง ุฏู ุณุชุงุฑู ุจุฑุง ุงู ูุชู ฺฉููุ ููุท ูุงุจ ูุชู ฺฉูฺฺฉ ุจูุฏ ฺฉู ุงูุฑุง ูู ุจุง ฺฉ ุณุงูู ูุฌุฒุง ุฏุฑ ุทุจูู ุงูู ุฌุจุฑุงู ฺฉุฑุฏู ุจูุฏูุฏ,4,2,,,
ูุธุงูุชุ ููุฑุ ุบุฐุงุ ุจุฑุฎูุฑุฏ ูพุฑุณูู ุนุงู ุจูุฏุ ,4,2,,,
ุฏุฑ ุถูู ูุฒุฏฺฉ ุขู ุจู ุญุฑู ูู ุฎูุฏุด ฺฉ ุงูุชุงุฒ ุฏุงุฑุฏ,4,2,,,
ููู ุณุงู นณ ุจุงููุณุฑู ูููุงู ุงู ูุชู ุจูุฏู ุงุฒ ูุถุง ูุชู ูุชูุฒ ุงุชุงููุง ู ูพุฑุณููุด ุฑุงุถ ุจูุฏู,4,2,,,
ฺฉูุช ูุทุนู ุบุฐุงูู ุฎู ุฎูุจ ุจูุฏ ูููุนุช ูุชูู ุฎู ุฎูุจู ูู ูุฒุฏฺฉ ุจู ูุฑุงฺฉุฒ ุฎุฑุฏ ูู ุงุณฺฉูู ุชูุฑุญ,4,2,,,
ูู ุจู ุงุชูุงู ููุณุฑู ุงุฒ ุชุงุฑุฎ 7ููุฑ ุชุง 9ููุฑ 96 ุฏุฑ ุงู ูุชู ุงูุงูุช ุฏุงุดุชู ุจู ูุธุฑู ุนุงู ุจูุฏ ุงุชุงููููุ ูุธุงูุช ูุชู ู ุจุฑุฎูุฑุฏ ูพุฑุณูู,4,2,,,
ุชููุง ููุทู ุถุนู ูุชู ูุฌูุฏ ุฑุณุชูุฑุงู ุฏููู ูุณุช ฺฉู ูุชุงุณูุงูู ุบุฐุง ุจ ฺฉูุช ุจุง ููุช ุจุณุงุฑ ุจุงูุง ุงุฑุงุฆู ูุฏู.ุจุฑูุฌ ููุฏุ ุบุฐุงูุง ุฎุงู ุงุฒ ูุฑฺฏููู ุทุนู ู ูุฒู ุง ู ูุฒ ุจุงุฑ ฺฉู ููุท ุดุงูู ุณุงูุงุฏ ูุตูุ ูุงุณุชุุชุฑุด ู ุฒุชูู ูุณุช ุฑู ููุฑ 30ูุฒุงุฑ ุชููุงู ุญุณุงุจ ูฺฉูู ฺฉู ูุงูุนุง ุฎูุฏู ุฏุงุฑู,4,0,,,
ุจุณุงุฑ ุจุณุงุฑ ุนุงู ุ ุชูุฒ ุฒุจุง ุ ุบุฐุง ุนุงู,5,2,,,
ู ูุฌููุนุง ู ูุญุท ฺฉุงูู ู ุจ ููุต ูุงูุนุง ุจุงุฏ ุจู ูุฏุฑุช ูุฌููุนู ุงูุฑู ฺฏูุช .,5,2,,,
ุจุง ุณูุงู ูู ุงูุฑูุฒ ุงุฒ ุงูู ูุชู ุจุฑฺฏุดุชู ูุชู ุงุฒ ูุธุฑ ููุงูู ุจุณูุงุฑ ุนุงูู ูุฌุงู ุจุณูุงุฑ ุฎูุด ุงุจ ูููุงูู ูุงูุน ุดุฏู ูุงููุงูุงุช ุฏูฺุฑุฎู ูุณุงูู ูุฑุฒุดู ู ุชูุฑูุญู ุนุงูู ุจูุฏ,3,2,,,
ููู ุณุฑููุณ ุฏูู ุฏุฑ ุฑุณุชูุฑุงู ุจุณูุงุฑ ูพุงููู ุจูุฏ ู ูููุช ุบุฐุง ูุณุจุช ุจู ููููุช ุจุงูุงุณ,3,0,,,
ุณูุงู ูู ุจุงุฎุงููุงุฏู ุจู ูุดูุฏุงููุฏู ุชููุชู ูพูุฌ ุณุชุงุฑู ุงููุงุณ ุฏูุณุงูู ุดุฏูู ุงูู ูุชู ููู ุงููุงูุงุช ุฏุงุฑุฏ(ุงุณุชุฎุฑุฌููุฒู ุณููุง ูุงุณุงฺ ุณู ุชุงุฑุณุชูุฑุงู ูู ููุดูู ฺฏุฑุฏูู ูุณุช ุฎููููููููููููููู ุนุงูููุ ,5,2,,,
ุจู ูุธุฑูู ูุชู ุฎูุจู ูุณุช ูพุดููุงุฏ ูู ููู ููุจุงุฑุดุฏู ุงูุชุญุงู ูููุฏ,5,2,,,
"ุจุง ุณูุงู
ุถูู ุชุดฺฉุฑ ุชูุงู ฺฉุงุฑฺฉูุงู ู ูพุฑุณูู ูุชู ุฎู ุนุงู ุจูุฏูุฏ ู ุฑูุชุงุฑ ููุงุณุจ ุฏุงุดุชูุฏ ",3,2,,,
 ูู ูุชุฃุณูุงูู ูู ุชุงููุง ุฏูููุฑู ฺฉูฺฺฉ ุจูุฏูุฏ ,3,0,,,
 ูู ุจุง ุงูฺฉู ุชููุน ุบุฐุงูุง ุฎู ุฒุงุฏ ุจูุฏ ูู ฺฉูุช ู ูุฒู ุขููุง ุฒุงุฏ ุฌุงูุจ ูุจูุฏ.,3,0,,,
ุณูุงู ูุงูุนุง ุงุฒ ูุณุฆููู ู ฺฉุงุฑฺฉูุงู ุงู ูุชู ุชุดฺฉุฑ ุจููุงุช ุฏุงุฑู ,5,2,,,
ูุง ูุฑ ุณุงู ุจู ุงู ูุชู ูุงู ู ุงุฒ ูุญูุทู ุฒุจุง ู ุงูฺฉุงูุงุช ุงู ูุชู ููุงุช ูุฐุช ุฑู ุจุฑุฏู ,5,2,,,
"ุจุฑุง ฺฉุณุงู ฺฉู ุงูุฌุง ุฑุง ุชุฌุฑุจู ูฺฉุฑุฏูุฏ ุชูุตู ูฺฉูู ุจุฑุฏ ุงู ูุชู ุนุงู 
ุจุงุชุดฺฉุฑ",5,2,,,
"ุจุง ุฏุฑ ูุธุฑ ฺฏุฑูุชู 3 ุณุชุงุฑู ุจูุฏู ุงู ูุชู, ุฏุฑ ูุฌููุน ุฎูุจ ุจูุฏ. ",3,2,,,
 ุตุจุญุงูู ุฎูุจ ุจูุฏ. ูููุนุช ูุชู ุฎูุจ ุจูุฏ. ,3,2,,,
" ูุธุงูุช ุงุชุงู ุจู ุฎูุจ ุตูุฑุช ูู ฺฏุฑูุช ู ูุง ุงุตูุง ุฑุงุถ ูุจูุฏู , ุจู ูุธุฑ ูู ุจุดุชุฑู ููุทู ุถุนู ูุชู ููู ููุฑุฏ ุจูุฏ. ",3,2,,,
ุฏุฑ ูุฌููุน ูุชูุณุท ุฑู ุจู ุฎูุจ ุจูุฏ.,3,1,,,
ุจู ุทุฑุฒ ุบูุฑ ูุงุจู ุจุงูุฑู ุงูู ูุชู ุฎูุจ ุจูุฏ. ,5,2,,,
 ูู ุจุง ุงูููู ูุฑุณุงู ุดูุฑููุฑ ููุฑู ููุด ู ููู ู ูุชู ูุงู ูฅ ุณุชุงุฑู ู ููุดู ุงูุชุญุงู ูุฑุฏู ุงูู ูุชู ุงุฒ ููุดูู ุจูุชุฑ ุจูุฏ,5,2,,,
ุณูุงู. ูู ุจุง ุฎุงููุงุฏู ุงู ูู ุณุงู 95 ูููุงู ููุงููฺฏู ุจูุฏู ู ูู ุณุงู 96. ,5,2,,,
 ูุงูุนุง ูุชู ุนุงู ูุจุง ฺฉูุช ู ุจุงุดุฏ. ,5,2,,,
ุงุฒ ุจุฑุฎูุฑุฏ ูพุฑุณูู ูุชู ฺฉู ุจ ููุงุช ุฑุงุถ ูุณุชู ูุฎุตูุตุง ูพุฑุณูู ุชุฑุงูุณูุฑ ูุชู ฺฉู ูุฑ ุฌุง ู ูุฑ ุณุงุนุช ู ุฎูุงุณุชู ุจุง ูุง ููฺฉุงุฑ ุฏุงุดุชูุฏ ู ุงุฒ ุจุฑุฎูุฑุฏ ุชูุงู ฺฉุงุฑฺฉูุงู ุงูุฌุง ู ูุฑ ฺฉุณ ฺฉู ุงูุฌุง ุจูุฏ. ,5,2,,,
ูุง ุจุง ุฎุงููุงุฏู ุฏุฑ ุงุฑุฏุจูุดุช 95ุฏุฑ ูุชู ุงุทูุณ ุจูุฏุช 5ุดุจ ุงูุงูุช ุฏุงุดุชู.ุงุฒ ูุธุฑ ฺฉูุช ู ุชููุน ุบุฐุง ุฏุฑ ุญุฏ ุนุงู ุจูุฏ,5,2,,,
ุจุฑุฎูุฑุฏ ฺฉุงุฑฺฉูุงู ุงู ูุชู ูุงุจู ูุตู ูุจุงุดุฏ,5,2,,,
ุชููุง ููุฑุฏ ูุงุฑุถุงุช ุฏุฑ ููุฑุฏ ฺุง ฺฉุงู ุดุงูพ ุจูุฏ ฺฉู ฺฉูุช ู ุทุนู ฺุง ุจุฏ ุจูุฏ,5,2,,,
ุฑู ูู ุฑูุชู ูุชู ุนุงู ุจูุฏ ู ููุฑ ูุงู96 ูู ูุตุฏ ุฏุงุฑู ุงู ูุชู ุฑุง ุฑุฒุฑู ฺฉูู.ุฎุณุชู ูุจุงุดุฏ ุฏูุณุชุงู ูุชู ุงุทูุณ,5,2,,,
ูุชู ุจุณุงุฑ ุชูุฒ ุจูุฏ,4,2,,,
ุงุฒ ูุธุฑ ุฏุณุชุฑุณุ ุจู ุจุณุงุฑ ุงุฒ ููุงุทู ุชุงุฑุฎ ุดูุฑ ูุฒุฏฺฉ ุจูุฏ ุุจู ุทูุฑ ฺฉู ู ุชูุงูุณุชู ูพุงุฏู ุฑูุช ู ุขูุฏ ฺฉูู,4,2,,,
 ฺฉุงุฑฺฉูุงู ูุชู ููุฏุจ ู ุฏุงุฑุง ุจุฑุฎูุฑุฏ ฺฏุฑู ุจูุฏูุฏ,4,2,,,
ูุชู ููุท ุฏุงุฑุง ุตุจุญุงูู ุฎูุฑ ุงุณุช ู ูุง ุงุฒ ุตุจุญุงูู ูู ุฑุงุถ ุจูุฏู.,4,2,,,
ุณูุงู ูุชู ูุตุฑ ฺฉ ุงุฒ ุจูุชุฑู ูุชู ูุง ูู ุฌูุฏ ุฏุฑ ุงุฑุงู ุงุณุช ูู ฺฉู ุฎู ุฏูุณุช ุฏุงุดุชู ููู ฺุฒ ุนุงู ุจูุฏ ูฺ ฺฏููู ุนุจ ูุฏุงุดุช,5,2,,,
 ูุฎุตูุตุง ุจุฑ ุฎูุฑุฏ ูููุงูุฏุงุฑ ูุง ุงู ุดุงุงููู ุฏุฑ ุณูุฑ ูุง ุจุนุฏ ุจู ูุดูุฏ ููุฏุณ ุจู ููู ูุชู ูุงู.,5,2,,,
ูุชู ุงุฑฺฏ ุดูุฑุงุฒ ุฏุฑ ูุฑูุฒ ุดูุฑ ู ุฏุณุชุฑุณู ุนุงูู ุจุฑุงู ุฏูุฏู ุฌุงุฐุจู ูุงู ุดูุฑุงุฒ ุ ูุชู ุงุฑฺฏ ูุชู ุจุณูุงุฑ ุนุงูู ุชููุฒ ู ูุงุฑููุงู ูุฌุฑุจ ู ููุฏุจู ุฏุงุฑู ู ุจุงูุช ุณูุชู ุขู ุฎููู ุฏูุฏูู ุงุณุช,5,2,,,
 ุณู ุณุชุงุฑู ุจุฑุงู ุงูู ูุชู ููู ุงุทุงููุง ููู ุงูุนุงุฏู ุดูู ุุชููุฒ ู ูููุณ ูู ุจุงุดุฏ,5,2,,,
ุจู ูุธุฑ ูู ุนุงู ุจูุฏ ูุง ุณุงู ณ ุฏูุนู ูุฑูุ ูุฑ ููุช ูู ูููุงู ุฎุงุฑุฌ ุฏุงุฑู ุงูู ูุง ุฑู ูู ู ุจุฑู ู ูุฑ ฺฉ ุงููุฏู ูุดุชุฑ ุดุฏูุ,4,2,,,
ููุท ุงฺฏู ููุช ูุงุด ู ฺฉู ฺฉูุชุฑ ู ุดุฏ ุฎู ุจูุชุฑ ุจูุฏ. ฺูู ุจุฑุง ุฎู ูุงุณุฎุชู. ,4,2,,,
ุจู ููู ูพุดููุงุฏ ู ฺฉูู ุจุฑุฏ.,4,2,,,
ุฎู ุนุงู ุจูุฏ ูุฎุตูุตุง ฺฉุงุฑฺฉูุงู ููุฏุจ ูุฎูุจ ู ุฎุงูู ูพูุฑ ุงุณูุงุนู. ูพุฐุฑุด ฺฉู ููู ุงูุนุงุฏู ููุฑุจุงู ู ุจุณุงุฑ ุนุงู,5,2,,,
ุจุง ุณูุงู ุงููุช ุฎูุจ ุฏุฑ ุงู ูุชู ุฏุงุดุชู ูุงุฒ ููู ุฌูุช ููุฑุฏ ุฑุถุงุช ุจูุฏู ุจูุฏ,4,2,,,
ููุท ุฏุฑ ุตุฑู ฺฉ ูุนุฏู ุดุงู ุบุฐุงูุง ุจู ุตูุฑุช ุจููู ุฏุฑ ูุชู ฺฉุงูุง ุจูุฏ ฺฉู ุฎู ุชูุฏ ุจูุฏูุฏ ฺฉู ุจุนุฏ ุงุฒ ุชุฐฺฉุฑ ุฏุฑ ุงู ููุฑุฏ ุจุฑุทุฑู ุดุฏ ,4,2,,,
ุงูุฏูุงุฑู ุฏุฑ ุณูุฑ ุจุนุฏ ูุณูุช ุจุดู ููู ูุชู ุฑุง ุงูุชุฎุงุจ ูฺฉูู ุจุงุชุดฺฉุฑ,4,2,,,
ูุง ุจุฑุง ุนุฏ ูุทุฑ ุฑูุชู ุงูู ูุชู ฺูุงุฑ ุฑูุฒ ุงูุงูุช ุฏุงุดุชู . ุฏุฑ ฺฉ ฺฉูุงู ุนุงุงุขุงุงุงุงู ,5,2,,,
ฺฉุงุฑฺฉูุงู ุจุณุงุฑ ุฎูุด ุงุฎูุงู ,5,2,,,
 ููุงุฑ ู ุดูู ูุฎูุฑุฏู ุงููุฌุง . ูู ุตุจุญุงูู ุนุงู ุจูุฏ ,5,2,,,
ุงุชุงููุง ุชูุฒ ูุฑ ุฑูุฒ ูู ุชูุฒ ู ฺฉุฑุฏู.,5,2,,,
ุงุชุงููุง ุชูุฒ ูุฑ ุฑูุฒ ูู ุชูุฒ ู ฺฉุฑุฏู.,5,2,,,
ุณูุงู ูู ูุฎุงููุงุฏู ุฏุฑุงุชุงู ฑฑณ ุงูุงูุช ุฏุงุดุชู ููู ฺุฒ ุฎูุจ ุจูุฏ ุจู ุบุฑ ุงุฒ ุฏุฑุชูุงูุช ฺฉู ุฎู ุจุฏุจุงุฒ ู ุดุฏ ,4,0,,,
ูู ุนุงู ุจูุฏ ูุฎุตูุตุง ูพุฑุณูู ููููู ฒถุชุฑฑณนถ,4,2,,,
ุจุง ุณูุงู ูุง ุฏุฑ ูุฏุช ุณู ุฑูุฒูุง ุฏุฑ ูุชู ุจุดุฑ ุจูุฏู ฺฉ ุณุฑ ุชุฌุฑุจู ฺฉุณุจ ฺฉุฑุฏู ุงุฒ ุจุฑุฎูุฑุฏ ฺฉุงุฑฺฉูุงู ุงู ูุชู ุจุณุงุฑ ุฑุงุถ ุจูุฏู ,4,2,,,
ุงุฒ ูุญูู ูพุฐุฑุง ูู ุจุณุงุฑ ุฑุงุถ ุจูุฏู ,4,2,,,
ุงุฒ ูฺฉุงู ู ูุฒุฏฺฉ ุจูุฏู ุงู ูุชู ุจู ุญุฑู ูู ุจุณุงุฑ ููุฑุฏ ูุจูู ุจูุฏ,4,2,,,
ูุชู ุจุณุงุฑ ุฒุจุง ,4,2,,,
ูพุฑุณูู ููุฏุจ ,4,2,,,
 ุงุชุงู ูุง ู ุณุฑูุณ ุจูุฏุงุดุช ุจุณุงุฑ ุชูุฒ ,4,2,,,
 ุงุฒ ุจุฏู ูุฑูุฏ ุจุง ููุน ูพุฐุฑุง ู ุจุฑุฎูุฑุฏ ูพุฑุณูู ู ุงูฺฉุงูุงุช ูุชู ุญุณ ูฺฉูุฏ ฺฉู ุฏุฑ ฺฉ ูุชู ุฎูุจ ูุงุฑุฏ ุดุฏุฏ ,4,2,,,
ููุท ุชููุง ุงุฑุงุฏ ฺฉู ุจูุดูู ูฺฏุฑู ฺฉูุช ุดุงู ุฒุงุฏ ุฌุงูุจ ูุจูุฏ ,4,0,,,
 ุตุจุญุงูู ุจุณุงุฑ ููุตู ู ุนุงู ุจูุฏ ,4,2,,,
 ุญุฏุงูู ฺฉ ุดุจ ุงูุงูุช ุฑุง ุฏุฑ ุงู ูุชู ูพุดููุงุฏ ูฺฉูู ,4,2,,,
ุจุง ุณูุงู ู ุนุฑุถ ุงุฏุจ ุจูุฏู ุจู ููุฑุงู ุฎุงููุงุฏู ุฏู ููุชู ุฏุฑ ูุชู ุดูุฑุงุฑ ุชุจุฑุฒ ุงูุงูุช ุฏุงุดุชู ุจุฑ ุฎูุฑุฏ ูพุฑุณูู ูุชู ุจุณุงุฑ ุจุณุงุฑ ุฎูุจ ุจูุฏ ู ุงุชุงูุงุด ุฎู ุชูุฒ ู ุงูฺฉุงูุงุช ูุชู ุจุณุงุฑ ุนุงู ุจูุฏ,5,2,,,
ู ูู ุฏูุจุงุฑู ุจุฎูุงู ุชุจุฑุฒ ุจุงู ูุชู ุดูุฑุงุฑู ุงูุชุฎุงุจ ุฎูุงูู ฺฉุฑุฏ ู ุจู ููู ุฏูุณุช ุขุดูุงุงู ุงู ูุชู ูพุดููุงุฏ ูฺฉูู ู ,5,2,,,
ุงุฒ ูุฏุฑุช ูุญุชุฑู ูุชู ุจุฎุงุทุฑ ุชูุฒ ุงุชุงูุง ู ุงูฺฉุงูุงุช ุฎูุจู ูุงู ู ุจุฑุฎูุฑุฏ ูุญุชุฑูุงูู ูพุฑุณูู ุชุดฺฉุฑ ู ูุฏุฑ ุฏุงู ูููุงู,5,2,,,
ุนุงู ุญุชูุง ุญุชูุง ุจู ุง ูุชู ุจุฑูุฏ ,5,2,,,
ููู ฺุฒ ุงู ูุชู ุนุงุงุงุงุงุงุงู ุงุณุช ,5,2,,,
ุงฺฏุฑ ู ุฎูุงูุฏ ุจู ุงู ูุชู ุจุฑูุฏ ุดฺฉ ูฺฉูุฏ ฺูู ฺฉ ุณูุฑ ุนุงู ุฎูุงูุฏ ุฏุงุดุช,5,2,,,
ุจุณุงุฑ ูุชู ุฎูุจ ู ุขุฑูู ุจูุฏ.. ,5,2,,,
ูุธุงูุช ุงุชุงู ูุงุด ุจุณุงุฑ ุณุชูุฏู ุจูุฏ.,5,2,,,
ุจูุฏู ุชุง ุญุงูุง ุชุฌุฑุจู 6ุฑูุฒ ุงูุงูุช ุฑุง ุฏุฑ ุขููุงู ุฏุงุดุชู ุจู ูุธุฑู ููุท ููุชูุง ฺฉู ฺฏุฑุงู ุงุณุช,4,1,,,
ูู ุขูุฌุง ุจูุดุช ุงุณุช,4,2,,,
ุจุนุฏ ุงุฒ ุจุงุฒุณุงุฒ ููุช ุจุฑุง ุจุงุฑ ุฏูู ุจู ุงู ูุชู ุงููุฏู.. ูฺฉุฑ ฺฉุฑุฏู ุงุดุชุจุงู ุงููุฏู.. ุจุณุงุฑ ุชุบุฑุงุช ูุซุจุช ูุฎูุจ ุงุชูุงู ุงูุชุงุฏู ุจูุฏ.,5,2,,,
ูพุฑุณูู ุฎูุจ ู ุจุง ุดุฎุตุช ุฏุงุฑู.,5,2,,,
ุจุณุงุฑ ูุชู ุชูุฒ  ุจูุฏ,5,2,,,
ุงุชุงู ูุง ุจุฒุฑฺฏ ู ููุณุงุฒ ุฏุงุดุช. ุฎู ูุฑุชุจ ู ุฏูุจุงุฒ ุจูุฏ,5,2,,,
ูุชู ฺฏุงุฌุฑู ุจุณุงุฑ ุฌุง ุฒุจุง ู ุฎูุด ุงุจ ู ููุง ุงุณุช ูุง ูุฑุณุงู ฺู ุฏุฑ ุชุงุจุณุชุงู ูฺู ุฏุฑ ุฒูุณุชุงู ููููู ุงู ูฺฉุงู ุงุฑุงูุด ุจุฎุด ูุณุชู.,5,2,,,
ุณูุงู ูู ูุฎุงููุงุฏู ุงู ุฏุฑ ุชุงุจุณุชุงู นถุจู ูุชู ุฑูุชู ู ุฏุฑ ูุณูุช ุจุงุบุด ุบุฐุง ุฎูุฑุฏู ูุงูุนุงู ุฒุจุง ุจูุฏ ู ุขุฑุงูุด ุฏุงุดุช ฺฉู ฺฉู ุฎุณุชฺฏ ุงุฒ ุชู ุขุฏู ุฏุฑ ูุฑู ุจุง ุชุดฺฉุฑ ุงุฒ ููู ูุณููููุด,5,2,,,
ฺฉุงุฑฺฉูุงู ุจุณุงุฑ ููุฏุจ ู ุจุง ุฑูุชุงุฑ ุฏูุณุชุงูู,5,2,,,
ุฏุฑ ุฌุง ุจุณุงุฑุฒุจุง ู ูุงููุฏ ุงุณูุด ุจุณุงุฑ ุขุฑุงู ,5,2,,,
 ู ุฑุณุชูุฑุงู ุจุง ุบุฐุงูุง ุฎูุดูุฒู ููพุฑุณูู ุฎูุด ุฑูุชุงุฑ ,5,2,,,
ุฏูุณุช ุฏุงุฑู ุจุงุฒู ุจู ุงู ูุชู ุณูุฑ ฺฉูู,5,2,,,
ุงุฒ ูุธุฑ ูุธุงูุช ุฎูุจู ,4,2,,,
 ุงูุง ุฎุฏูุงุช ฺูุฏุงู ุจุฑ ู ุฑุงูููุง ูุฏุงุฑู ุจุงุฏ ูุณุชูู ุจุงุด ุชู ุงู ูุชู,4,0,,,
ูุงูุนุง ุชุฌุฑุจู ุจ ูุธุฑ ุจูุฏ ุญุชูุง ุจุฑุฏ ู ูุฐุช ุจุจุฑุฏ ,5,2,,,
ูุงุจู ููุงุณู ุจุง ูฺ ุฌุง ุฏฺฏู ุง ุฏุฑ ุดูุงู ูุณุช ,5,2,,,
ูู ูุงูุนุง ุงุฒ ุณุฑูุงู ฺฏุฐุงุฑ ุจุง ุฐูู ุงู ูุชู ุชุดฺฉุฑ ูฺฉูู,5,2,,,
ูู ูุงุฏุฑ ููพุฏุฑู 3 ูุฑุฏุงุฏ ุจู ูุชู ูุงุถู ุฑูุชู ูุชู ุจุณุงุฑ ุฎูุจ ุจูุฏ ูู ูุงูุนุง ุฑุงุถ ุจูุฏู .,5,2,,,
ุงฺฏุฑ ุจู ูุชู ูุงุถู ู ุฑูุฏ ุฏุฑ ุฑุณุชูุฑุงู ูุชู ( ุชุงุณ ฺฉุจุงุจ ุดุชุฑ) ุฑุง ุงุฒ ุฏุณุช ูุฏูุฏ.,5,2,,,
ูู ุฏุฑ ูุฑุฏุงุฏ 96 ุจู ุงุชูุงู ูพุฏุฑ ู ูุงุฏุฑู ุฏุฑ ุงู ูุชู ุงูุงูุช ุฏุงุดุชู ฺฉู ุงุฒ ุจุฑุฎูุฑุฏ ูพุฑุณูู ู ุงุฒ ูุถุง ุณูุช ูุชู ุจุณุงุฑ ุฑุงุถ ุจูุฏู ,4,2,,,
ูุชู ุจุนุฏ ุงุฒ ุจุงุฒุณุงุฒ ุฎู ุฎูุจ ู ุฏูุฌ ุดุฏูุ ุฏุฑ ุญุฏ ุจูู 5 ุณุชุงุฑู ูุง ูุณุช ู ุงูฺฉุงูุงุช ู ุฎุฏูุงุช ุฎูุจ ุงุฑุงุฆู ู ุฏู,5,2,,,
ุฏุฑ ฺฉู ฺฉ ุงุฒ ฺฏุฒูู ูุง ููุงุณุจ ุฑุฒุฑู ูุชู ุชู ูุดูุฏู,5,2,,,
ูุงูุนุง ุนุงู ุจุงูพุฑุณูู ููุฏุจ ูุฒุญูุชฺฉุด,4,2,,,
ููุท ุงฺฏู ุบุฐุงูุงุด ุจูุชุฑ ุจุดู ุฏฺฏู ุนุงู,4,1,,,
ูุชู ุจุณุงุฑุฎูุจ ุจูุฏ,5,2,,,
ุงุชุงููุงุจุณุงุฑ ุชูุฒ ููุฑุชุจ ุจูุฏูุฏ ,5,2,,,
ุจุฑุฎูุฑุฏ ูพุฑุณูู ุจุณุงุฑุฎูุจ ุจูุฏ,5,2,,,
ุบุฐุงูุง ุนุงู ุจูุฏ ููุท ููุช ุจููู ุงุฒุงุฏ ฺฏุฑุงู ุจูุฏ,5,1,,,
ุจุทูุฑุญุชู ุงู ูุชู ุฑุงุจู ุฏฺฏุฑุงู ุชูุตู ูฺฉูู,5,2,,,
ุฏุฑ ุฎุฑุฏุงุฏ นถ ุฏุฑุงู ูุชู ุงูุงูุช ุจู ุงุฏ ูุงูุฏู ุฏุงุดุชู.,5,2,,,
ุงุฒ ูพุฑุณูู ูุญุชุฑู ู ุณุฎุช ฺฉูุด ู ูููุงู ููุงุฒ ฺฉูุงู ุชุดฺฉุฑ ุฑุง ุฏุงุฑู,5,2,,,
ูุชู ุฏุฑ ุจูุชุฑู ููุทูู ุฌุฒุฑู ู ุฏุฑ ูุญุท ุฏูุฌ ูุฑุงุฑ ุฏุงุดุช ู ูพุฐุฑุง ู ุณุฑูุณ ุฏู ุจู ูููุน ู ุนุงู ุจูุฏ.ุจู ุงูุฏ ููููุช ุฑูุฒุงูุฒููุดุงู.,5,2,,,
ูููุนุช ูฺฉุงู ูุชู ุจุณุงุฑ ุนุงู ุจูุฏ ูู ุฏุฑุง ููู ุงูุนุงุฏู ุจูุฏ ุจู ุฎุตูุต ุตุจุญ ุทููุน ุฎูุฑุดุฏ ุจูุธุฑ ุจูุฏ,4,2,,,
ุจุฑุฎูุฑุฏ ฺฉุงุฑููุฏุง ุตูู ,4,2,,,
ุงุชุงู ูุง ูู ุชูุฒ ุจูุฏ,4,2,,,
ุฏุฑ ฺฉู ุฑุงุถ ุฑุงุถ ุจูุฏู,4,2,,,
ฺฉ ุดุจ ุงูู ุงุฑุฏุจูุดุช ุจุง ููุณุฑ ูุฏุฎุชุฑู ุฏุฑูุชู ุขูุง ุงูุงูุช ุฏุงุดุชู ุงุฒ ูพุฑุณูู ููุฏุจ ูุชู ุขูุง ุจุฎุตูุต ูุณุฆูู ูพุฐุฑุด ุขูุง ฺฉู ูุชุงุณูุงูู ุงุณู ุดุฑูุดุงู ุฑุง ูุฑุงููุด ฺฉุฑุฏู ฺฉูุงู ุชุดฺฉุฑ ุฑุง ุฏุงุฑู,4,2,,,
ุงฺฏุฑ ูุดู ุจุฑู ุขูุง ุงูุงูุช ูฺฉูู,4,2,,,
ุชุงุจุณุชุงู 95 ูู ู ูพุณุฑู ูููุงู ุงู ูุชู ุจูุฏู .ุจุฑุฎูุฑุฏ ูพุฑุณูู ฺฉุงููุง ููุฏุจุงูู ุจูุฏ,4,2,,,
 ุงูุงู ูุง ฺฉุงููุง ููุฑฺฏุฑ ุจุฒุฑฺฏ ู ุชูุฒ ุจูุฏ ููุญูู ูุง ุชูุฒ ุจูุฏ,4,2,,,
ุณุฑูุณ ูุฑูฺฏ ูุฏุงุดุช ,4,0,,,
ุงุฒ ูุฒุงุง ุงู ูุชู ูุญุท ุงูู ููุฒุฏฺฉ ูุฏุณุชุฑุณ ุขุณุงู ุจู ูุฑุงฺฉุฒ ุฏุฏู ู ุจุงุฒุงุฑ ุจูุฏ ,4,2,,,
 ููฺูู ุฑุงููุฏู ูุง ูุชู ุจุณุงุฑ ููุฏุจ ุจูุฏูุฏ ูู ุงฺฏุฑ ุฏูุจุงุฑู ุจู ุชุจุฑุฒ ุณูุฑ ฺฉูู ุญุชูุง ุงู ูุชู ุฑุง ุงูุชุฎุงุจ ุฎูุงูู ฺฉุฑุฏ.,4,2,,,
ู ุฎูุงุณุชู ุจฺฏูู ูุงุฏุฑ ุณุงู 1396 ุฏุฑ ูุฑูุฑุฏู ูุงู ุจู ูุฏุช ุณู ุดุจ ู ฺูุงุฑุฑูุฒ ุฏุฑ ูุชู ูพุฑุณูพููุณ ุดุฑุงุฒ ุงูุงูุช ุฏุงุดุชู ุบุฐุง ูุง ููู ุงูุนุงุฏู ุฎูุดูุฒู ุง ุฏุงุณุชูุฏ,4,2,,,
ุจุณุงุฑ ูพุฑุณูู ุจุง ุงุญุชุฑุงู ุฑูุชุงุฑ ู ฺฉุฑุฏูุฏ,4,2,,,
ุงุชุงู ูุงุฑู ุฎูุจ ุชูุฒ ู ฺฉุฑุฏูุฏ ููู ุฌุง ุชูุฒ ุจูุฏ,4,2,,,
ููุท ููุช ุบุฐุง ูุง ฺฏุฑูู ุจูุฏ,4,0,,,
"ุณูุงู 
ุนูุฑุบู ุงูฺฉู ูุชู ุณู ุณุชุงุฑู ุจูุฏ ุงูุง ุงูฺฉุงูุงุช ุจุณุงุฑ ุฎูุจ ุฏุงุดุช ู ุฏุฑ ุญุฏ 4ุณุชุงุฑู ุจูุฏ",5,2,,,
ูพุฑุณูู ููุฏุจ ู ุฎูุด ุจุฑุฎูุฑุฏ ุชุนุฏุงุฏ ุงุณุงูุณูุฑูุง ุฒุงุฏ ู ุณุฑูุณ ุญุฑู,5,2,,,
ูุธุงูุช ุนุงู ู ููุช ููุงุณุจ ุงุฒ ูฺฺฏูุง ูุชู ุจูุฏ ุชูุตู ูฺฉูู ุงฺฏุฑุดฺฉ ุฏุงุฑุฏ ุญุชูุง ุงุณุชูุงุฏู ฺฉูุฏ,5,2,,,
ูุชู ุจุณุงุฑ ููุธู ุจูุฏ. ,5,2,,,
ฺฉูุช ุบุฐุงูุง ู ุตุจุญุงูู ุจุณุงุฑ ุฎูุจ ุจูุฏ,5,2,,,
ุฏุณุชุฑุณ ููุงุณุจ ุจู ูุฑุงฺฉุฒ ุฎุฑุฏ ู ุงุณฺฉูู ุฏุงุดุช,5,2,,,
ูุชู ุชูุฒ ู ูุฑุชุจ ุจูุฏ,5,2,,,
ฺฉูุช ุบุฐุงูุง ู ุตุจุญุงูู ูุฒ ุจุณุงุฑุฎูุจ ุจูุฏ,5,2,,,
 ุฏุณุชุฑุณ ููุงุณุจ ุจู ูุฑุงฺฉุฒ ุฎุฑุฏ ู ุงุณฺฉูู ุฏุงุดุช. ุฏุฑ ุดุจ ุนุฏ ุจุฑุง ฺฉูุฏฺฉุงู ุนุฏ ุชูู ุดุฏู ุจูุฏ. ,5,2,,,
ุฏุฑ ฺฉู ุฏุฑ ููุงุณู ุจุง ุฏฺฏุฑ ูุชู ูุง ฺฉุด ุจุณุงุฑ ูุงุจู ูุจูู ุชุฑ ุจูุฏ,5,2,,,
 ุฏุฑ ฺฉู ุฏุฑ ููุงุณู ุจุง ุฏฺฏุฑ ูุชู ูุง ฺฉุด ุจุณุงุฑ ูุงุจู ูุจูู ุชุฑ ุจูุฏ,5,2,,,
ูุชู ุฎู ุฎูุจ ุจูุฏ ููุท ฺฉู ููุฑ ุงุชุงู ูุง ฺฉู ุจูุฏ ูู ุฏุฑ ฺฉู ููู ฺุฒ ุนุงู ุจูุฏ,5,2,,,
ูุชู ุจุณุงุฑ ุฎูุจ ุญุณ ููู ุงูุนุงุฏู ุฎูุจ ูุฏูุฏ ฺฉุงู ุดุงูพ ูู ุฌุง ุฏูุฌ ,5,2,,,
 ุฑุงุญุช ุตุจุญุงูู ูู ูุณุจุช ุจู ูุชู 4 ุณุชุงุฑู ุฎูุจ ุจูุฏ ,5,2,,,
ูฺฉุชู ููู ูุงูุงุฑ ูุชู ุงูุชุถุงุญ ูุณุช ูุชุงุณูุงูู,5,0,,,
ูู ุจู ููุฑุงู ุฎุงููุงุฏู ุงู ุณุงู 94 ุฑูุชู ุฌููุง ูฺฉ ุดุจ ุฏุฑุงู ูุชู ุจูุฏู . ูุชู ุชูุฒูุฎูุจ ุจูุฏ,4,2,,,
ุจุฑุฎูุฑุฏฺฉุงุฑฺฉูุงู ุฎูุจ ู ููุฏุจุงูู ุจูุฏ.ุถููุง ุชูุตู ู ฺฉูู ุญุชูุง ุจู ุฌููุง ุจุฑู...ุงุฑุฒุด ุจุงุฒุฏุฏ ุฏุงุฑู,4,2,,,
ุจุงุณูุงู ูู 3ุดุจุฎุงููุงุฏู ูููุงู ูุชู ุชูุณ ุจูุฏูู ุฎููู ุจูู ุฎูุด ฺฏุฐุดุช ุชุดูุฑ ุงุฒ ูพุฑุณูู ุฎูุจู ูุชู,4,2,,,
 ููุท ุงุฒูุฏูุฑ ูุชู ุฎูุงูุดููุฏูู ูุฒููู ูุงูู ุดุงูพ ููุชุฑ ูููู ูู ููุฑู ฺุงู ุฎููู ูููุชุด ุจุงูุงูุณุช ููููู ุงุฒ ูพุฑุณูู ูุชู,4,0,,,
ุณูุงู ูู ุจุงุฎุงููุงุฏู 4ุฑูุฒ ูููุงู ูุชู ุชูุณ ุจูุฏูู ูุฑ ฺู ุจุฎุงู ุจฺฏู ุดุงูุฏ ุจุงูุฑ ูุฑุฏูุด ุณุฎุช ุจุงุดู ุจุงูุฏ ุญุชูุง ุจุฑูุฏ ุจุนุฏ ุจุฑุงู ุฏูุณุชุงู ุชุนุฑูู ูููู ุจุณูุงุฑ ูพุฑุณูู ุฎูุจ ุจุงุงุฎูุงู ,5,2,,,
ูุฒุฏูู ุจู ุญุฑู ุบุฐุงูุงู ุจุณูุงุฑ ุฎูุจ ูู ูู ุฎููู ุจูู ุฎูุด ฺฏุฐุดุช ุงูููุงุฑู ูุณูุช ููู ุจุดู,5,2,,,
ุณูุงู ุณุงุฎุชูุงู ู ููุง ู ูุงุจ ุจุฏ ูุฏุงุฑู ,1,1,,,
ูุณูู ูพุฐุฑุด ูู ุจุณุงุฑ ููุฏุจ ู ุฎูุด ุฑู ูุณุช ,1,2,,,
ูู ุงุตูุง ุชูุฒ ูุณุช ุตุจุญุงูู ุจุณุงุฑ ูุนููู ู ุชฺฉุฑุงุฑู,1,0,,,
ุจุง ุณูุงู ุฎุณุชู ูุจุงุดู ูู ุจุง ุฎุงููุงุฏู 4ุฑูุฒ ูููุงู ูุชู ุจูุฏูู ุฎููู ูุชู ุฎูุจู ุจูุฏ,5,2,,,
ุงุฎูุงู ูพุฑุณูู ุฎููู ุฎููู ุฎูุจ ูุณุช ,5,2,,,
ุบุฐุงูุงู ุฎููู ุฎูุจ ุจูุฏ ูู ูู ุฎููู ุจูู ุฎูุด ฺฏุฐุดุช ุจุงุชุดูุฑ ุงุฒ ูพุฑุณูู ุฎูุจ ูุชู ุชูุณ,5,2,,,
"ุจุฑ ุฎูุฑุฏ ุฎูุจ ฺฉุงุฑฺฉูุงู ูุชู
",3,2,,,
ููุท ุจู ูุณุงูุฑู ุชูุตู ูฺฉูู ุงุชุงู ูุง ุง ุณูุช ูุง ุทุจูู ุขุฎุฑ ุฑู ูฺฏุฑุฏ ฺฉู ุฎู ุตุฏุง ุทุจูู ุจุงูุง ฺฉุงู ุดุงูพ ูุงุฏ,3,0,,,
ุณูุงู ูุชู ุจุฏู ููุณุชุด ุฑุณุชูุฑุงูุด ุถุนูู ู ฺฏุฑุง ู ูุณุชุด,3,0,,,
" ุณุฑฺฏุฑูู ูู ุฒูุงุฏ ูุฏุงุฑู ุงููุชุฑูุช ุฏุงุฎู ุงุชุงู ูู ุถุนููู
",3,0,,,
ุงูุง ุฏุฑ ูู ุงุฒ ูุธุฑ ุงุจ ุงู ููุง ุนุงูู ูุณุชุด,3,2,,,
ุจุงุณูุงู ุ ูู ฺูุฏ ุดุจ ูุจู ูุชู ุฏูพููุงุช ุจูุฏู ูพุฑุณูู ุจุณุงุฑ ุงูุณุงููุง ูุชู ูุจุงููุงุฑ,5,2,,,
ุบุฐุง ูุงูุนุง ููู ุงูุนุงุฏู,5,2,,,
 ูุธุงูุช ู ุชูุฒ ุจุง ูพุฑุณูู ูุธูู ุดูุงุณ ุจุณุงุฑุนุงู ,5,2,,,
ูู ุงฺฏู ุตุฏ ุจุงุฑ ุฏฺฏู ุจู ูุดูุฏ ุจุงู ูุทูุฆูุง ูุชู ุฏูพููุงุช ุฑุง ุงูุชุฎุงุจ ุฎูุงูู ฺฉุฑุฏ,5,2,,,
ุณูุงู .ุจู ูุธุฑ ูู ุงู ูุชู ุจุณุงุฑ ุนุงู ู ุชูุฒ ุจูุฏ ู ุฌุฒ ุจูุชุฑู ูุชููุง ูพูุฌ ุณุชุงุฑู ุงุฑุงู ุจู ุดูุงุฑ ู ุขุฏ,5,2,,,
ูุงุฒู ุงุณุช ุฏุฑ ุงูุฌุง ุงุฒ ูุณุฆููู ู ฺฉุงุฑฺฉูุงู ูุชู ุชุดฺฉุฑ ฺฉูู ู ุจู ุขููุง ุฎุณุชู ูุจุงุดุฏ ฺฏูู.....,5,2,,,
ุจูุฏู ุจู ุงุชูุงู ุฎุงููุงุฏู ุดูุฑูุฑ 95 ุจูุฏุช 4 ุดุจ ุฏุฑ ุงู ูุชู ุงูุงูุช ุฏุงุดุชู ูุชู ูุงูุนุง ุฎูุจ ุตุจุญุงูู ุจุณุงุฑ ุนุงู ุจุฑุฎูุฑุฏ ูพุฑุณูู ุจุณุงุฑ ุนุงู ูุฑุฏฺฉ ุจู ุญุฑู ุฎูุจ ,4,2,,,
ุงูฺฉุงูุงุช ุจู ูุณุจุช ูุฒูู ุจุณุงุฑุฎูุจ ุจูุฏ ู ุฏุฑ ฺฉู ูุง ุฑุงุถ ุจูุฏู,4,2,,,
ฺฉุงููุง ุฑุถุงุช ุฏุงุฑู ,4,2,,,
 ุจุฑุฎูุฑุฏ ููุงุณุจ ูพุฑุณูู ูุชูุฒ ููุฑุชุจ ุจูุฏู ุงุชุงู ,4,2,,,
ูุฏุณุชุฑุณ ุฑุงุญุช ุจู ููุงุท ุฏฺฏุฑ ุดูุฑ ุงุฒ ูููุงู ููุงุฒ ุขููุง ุณูพุงุณฺฏุฒุงุฑู,4,2,,,
ุฏุดุจ ุฏุฑ ุงู ูุชู ุงูุงูุช ุฏุงุดุชู ูุชู ุจุณุงุฑ ุฎูุจ ุฏุฑ ุญุฏ ุณุฑุนู ูุณุชุด,5,2,,,
ุนู ุดุงุฏ ุจูุชุฑู ูุชู ุงุณุชุงู ุงุฑุฏุจู ุจุงุดู ุฏุฑ ูุฌููุน ุจุณุงุฑ ูุฐุช ุจุฑุฏู ,5,2,,,
 ุจู ูุณุจุช ููุช ู ุณุฑ ู ฺฏุฑุฏู ุงุฒ ุจูู ูุชู ูุง ุงุณุชุงู ุจุงูุงุชุฑู ู ูุชุชูู ุฑู ุจุฑุง ุจุฑุฑุณ ุจูู ูุชู ูุง ูุฏุฑ ูุฏุฏ.,5,2,,,
ููู ฺุฒ ุฎูุจ ุจูุฏ ,3,2,,,
ูู ุจุฑุฎูุฑุฏ ฺฉุงุฑฺฉูุงู ูพุฐุฑุด ูุชู ููุงุณุจ ูุจูุฏ ูุจุฑุฎูุฑุฏ ุฎูุจ ูุฏุงุฑูุฏ ูุงุญุชุฑุงู ุจู ุงุฑุจุง ุจ ุฑุฌูุน ุฏุฑ ูููุน ุณูุงู ฺฉุฑุฏู ูุชูุงูุช ูุฎูุดุฑู ุฎุงุต ุฎูุฏ ุฑุง ู ุทูุจุฏ ูุงูุชุธุงุฑ ุฏุงุฑู ุจุง ุชูุฌู ุจู ุงุฎูุงู ุฎูุจ ุดุฑุงุฒูุง ุจุฑุฎูุฑุฏ ุฏุฑ ูุญูู ุงููู ููุงุณุจ ุจุงุดุฏ ููููู ูุณูพุงุณฺฏุฒุงุฑู,3,0,,,
"ุณูุงู. ูุง ูููู ฺูุฏ ุฑูุฒ ูพูุด ุงููุฌุง ุจูุฏูู. ูุนูู ุดูุฑููุฑ95
ูุชู ูุงูุนุง ุนุงูู ุจูุฏ",4,2,,,
 ุณู ุดุจ ุงููุฌุง ุจูุฏูู ูู ุงุฒ ูุญุงุธ ุจุฑุฎูุฑุฏ ูพุฑุณูู ุ ูู ุงุฒ ูุญุงุธ ุชููุฒู ุงุชุงููุง ู ููุฑฺฏูุฑุด ู ูู ุตุจุญุงูู ุงุด ุนุงูู ุจูุฏ. ,4,2,,,
" ููุท ุงฺฏู ูพุงุฑูููฺฏุด ุณุงูู ุจุงู ุฏุงุดุช ุจูุชุฑ ุจูุฏ.
",4,0,,,
ุจู ููู ูพุฑุณูู ุงููุฌุง ุฎุณุชู ูุจุงุดูุฏ ููฺฏู. ,4,2,,,
 ูููุนูุช ูุชู ูู ุฏุฑุณุช ููุงุฑ ุจุงุฒุงุฑ ู ูุฌุชูุน ูุงู ุชุฌุงุฑู ูุณุช.,4,2,,,
ูุชู ุฏุฑ ุญุฏ ฺูุงุฑ ุณุชุงุฑู ูุนููู,4,1,,,
ุจุณุงุฑ ุชูุฒ ู ูพุงฺฉุฒู ,5,2,,,
"ูพุฑุณูู ููุฏุจ ุ ุตุจุญุงูู ุนุงู ุ ูุญุท ุงุฑุงู 
ุงูุฏูุงุฑู ุฏุฑ ุงูุฏู ุดุงูุฏ ุงูุช ฺฉูุช ูุจุงุดู",5,2,,,
ุฏุงุฎู ููุงูุง ุจุณุงุฑ ุดฺฉ ู ุชูุฒ ุจูุฏ,4,2,,,
 ุฌุงุด ุฎู ุจฺฉุฑ ุจูุฏ. ,4,2,,,
ูู ุงุฒ ูุธุฑ ุดุงู ููุงูุงุฑ ู ุตุจุญุงูู ุฎูุจ ูุจูุฏ.ุดุงุฏ ุจู ุฎุงุทุฑ ุงูฺฉู ุฑุณุชูุฑุงูุด ุงุตูุง ูุดุชุฑ ูุฏุงุดุช!,4,0,,,
ุจุฑุฎูุฑุฏ ุฎูุจ ฺฉุงุฑฺฉูุงู ูุธุงูุช ุงุชุงู ููุญุท ุฏุงุฎู ู ุบุฐุง ุจุงฺฉูุช ุฑุณุชูุฑุงู ุนุงู ุจูุฏ,4,2,,,
ูุฑุชุจ ุจูุฏู ุงุชุงู ู ุชูุฒุด ุจุง ุงุชุงู ูุชู ุงุณุชููุงู ุจุฑุงุจุฑ ุจูุฏ,4,2,,,
ูุชู ุฎูุจ ุจูุฏ ูพุฑุณูู ุฎูุจ ุฏุงุดุช ูุฎุตูุตุง ุฌูุงุจ ุขูุง ุณุนุงุฏุช ฺฉู ูพุฐุฑุด ูุชู ูุณุชูุฏ ูุงูุนุง ููุฑุจุงู ุจูุฏูุฏ ,3,2,,,
 ูู ุบุฐุง ู ููุฏุงุฑ ุถุนู ุจูุฏ ,3,1,,,
ูู ุฏูุจุงุฑู ูู ูุฑู ูุชู ููุง ุจุฑุง ุฏุฏู ุงูุง ุณุนุงุฏุช ุฏุฑ ูพุฐุฑุด ูุชู,3,2,,,
ุจุงุนุฑุถ ุณูุงู ุงุฏุจ ุจูุธุฑ ู ููุชูุง ุฎู ุจุงูุงุณ ูุงุตูุง ุงุฑุฒุด ูุฏุงุฑู ุจุฌุงุด ุงุฏู ูุฑู ุณูุฑ ุฎุงุฑุฌ ุจุง ู ููุฏุงุฑ ูุฒูู ุจุดุชุฑ ฺฉู ุจู ุงุฏูู ุจุดุชุฑ ุฎูุด ูฺฏุฐุฑู ุชุง ฺฉุด,3,0,,,
"ุชุฌุฑุจู ฺฉุงู ุดุงูพ ู ุดุงู ุฏุฑ ุฑุณุชูุฑุงู ุทุจูู ุณูู ""ูุงุชูู"" ุฑู ุฏุงุดุชู ุ ฺฉูุช ูพุฐุฑุง ุ ุบุฐุง ู ุจุฑุฎูุฑุฏ ูพุฑุณูู ู ุดฺฉ ุณุงูู ุจ ูุธุฑ ุจูุฏ.",5,2,,,
ุนุงู ุฎู ุฑุงุถ ูุณุชู ,5,2,,,
 ูุงู ุฑูุถุงู ุฎููุช ู ุฑูุง ุจุง ุฎุฏูุงุช ุนุงู ,5,2,,,
ุบุฐุง ุฑุณุชูุฑุงู ุจุงูุง ุนุงู ฺฉูุจู ูุง ุนุงู ,5,2,,,
 ุญู ุณูุช ฺฏุฑูู ุจูุฏ ูฺฏุฑูู ุณูุช ู ฺฏุฑูุชู ุฎุฑ ุฏุงุฏ 95,5,0,,,
ูุง 2ุจุงุฑุจู ูุชู ุณููุฏ ุฑูุชู ู ุจุงุฏ ุจฺฏู ุฎุฏูุงุช ุูุธุงูุชุุบุฐุงูุง ู ูพุฑุณูู ุงู ูุชู ููู ุชุตูุฑุงุช ูุง ุงุฒ ฺฉ ูุชู 3ุณุชุงุฑู ุจูุฏู,3,2,,,
ูุทูุนูุง ุงุฒ ุงู ุจู ุจุนุฏ ูฺ ูุชู ุฏฺฏู ุง ุฑู ุจุฌุฒ ุงู ูุชู ุจุฑุง ุงูุงูุชููู ุชู ูุดูุฏ ุงูุชุฎุงุจ ููฺฉูู,3,2,,,
ุณูุงู ุฏุฑุท ูุฏุช ุงูุงูุช ุฑูุฒฺฏุงุฑ ุฎูุด ุจุฑุงูุงู ุชุฏุง ุดุฏ ุณูพุงุณฺฏุฐุงุฑู,5,2,,,
ูุง ุฏุฑ ุฎุฑุฏุงุฏ ูฉูฅ ุณู ุดุจ ุฏุฑุงูู ูุชู ุงูุงูุช ุฏุงุดุชููุุตุจุญุงูู ุฎูุจ ูุจูุฏ ,4,0,,,
ูุชู ุชููุฒู ุงุณุช ,4,2,,,
ุจุฑุฎูุฑุฏ ุฎุฏูู ุฎูุจ ,4,2,,,
ูููุนูุช ุฏุฑ ุฌุฒูุฑู ููุงุณุจ ,4,2,,,
ุงุชุงู ูุง ููุฑฺฏูุฑ ูุจุฒุฑฺฏ ุจูุฏ ,4,2,,,
 ุฏุฑ ูุฌููุน ุงูุชุฎุงุจ ุฎูุจู ุงุณุช,4,2,,,
ุงูู ูุชู ููุฌููุนู ุจุงุนุซ ุงูุชุฎุงุฑ ุงูุฑุงูู ู ูุดูุฑ ุงุณูุงูู ุงูุฑุงู ู ููฺููู ุงุณุชุงู ุฒูุจุง ู ูููุงููุงุฒ ูุงุฒูุฏุงุฑุงู ุงุณุช ,5,2,,,
ุฏุฑ ุงููุฌุง ุงุฒ ุณุงุฒูุฏู ูุญุชุฑู ู ูุณุฆูููู ุนุฒูุฒุงุณุชุงู ุจุฑุงู ุฎูู ุงูู ุดุงููุงุฑ ุชุจุฑูู ูููููู,5,2,,,
ุจุงุณูุงู ูุชุจุฑฺฉ ุงุนุงุฏ ุดุนุจุงูู ...ุฏุฑ ูุฏุช ุฏูุฑูุฒ ุงูุงูุช ุฏุฑ ูุชู ุจุดุฑ ุงุฒ ุจุฑุฎูุฑุฏ ฺฉุงุฑฺฉูุงู ุงู ูุชู ฺฉูุงู ุฑุถุงุช ุฎูุฏุฑุง ุงุนูุงู ูุฏุงุฑู,4,2,,,
ุงูฺฉุงูุงุช ูุชู ุจุณุงุฑ ุนุงู ุจูุฏ ,4,2,,,
ุนุฑุถ ุฎุณุชู ูุจุงุดุฏ ูุชูุฏุฑ ูุชุดฺฉุฑ ุจุฑุง ูุณุฆููู ูฺฉุงุฑฺฉูุงู ูุชู ุฑุง ุฏุงุฑู,4,2,,,
ุงู ูุชู ุนุงูู ูุงูุนุง ุจุง ูุชููุง ูพูุฌ ุณุชุงุฑู ุฎุงุฑุฌ ฺฉุดูุฑ ุฑูุงุจุช ูฺฉูู ,4,2,,,
ฺฉุงุฑฺฉูุงุชุด ุจุณุงุฑ ุฎูุด ุจุฑุฎูุฑุฏ ู ุงููุฒุด ุฏุฏู ูุณุชูุฏ ,4,2,,,
ุงุชุงููุง ู ูุถุง ูุชู ุนุงูู ู ุชุฌุฑุจู ูุงุจ ุจูุฏ ,4,2,,,
 ฺฉุงุด ุจูู ูุชููุง ูพูุฌ ุณุชุงุฑู ูู ุงู ุทูุฑ ุชูุงู ู ฺฉูุงู ุจูุฏูุฏ ูู ุงูุณูุณ,4,2,,,
"ุจุง ุนุฑุถ ุณูุงู ู ุฎุณุชู ูุจุงุดุฏ.
ูู ุฎู ู ูุดู ูุณุงูุฑุช ูฺฉูู ู ุงฺฉุซุฑ ูุชููุง ูุดู ุงูุงูุช ุฏุงุดุชู ุงูุง ูฺ ฺฉุฏุงู ุจู ุชูุฒ ู ูุฑุชุจ ูุชู ุณูุง2 ูุณุชู ",5,2,,,
ู ุฑูุชุงุฑ ูพุฑุณูู ู ูุฏุฑุช ุนุงู ุนุงู,5,2,,,
ูุงูุนุง ุนุงู ุจูุฏ,5,2,,,
ุจุฑุฎูุฑุฏ ูพุฑุณูู ูุนูุงุฑ ุฏุงุฎู ู...,5,2,,,
ุจุง ุณูุงู. ุงูุชุฑูุช ฺฉู ูุฏุงุฑู.,3,0,,,
 ฺฉุงู ุดุงูพ ูุชุงุณูุงูู ูฺ ููุช ูุณุฆููุด ูุณุช. ,3,0,,,
 ุจุฑุฎูุฑุฏ ูุณุฆูู ูพุฐุฑุด ุฏุฑ ุฒูุงู ูุฑูุฏ ู ุจุนุฏ ุงุฒ ุงูู 360 ุฏุฑุฌู ุชูุงูุช ุฏุงุฑู. ,3,0,,,
ุบุฐุง ุฑุณุชูุฑุงู ูู ุจุดุฏุช ุถุนู. ,3,0,,,
 ุฎฺุงู ุฑู ฺฏูุชู ุฏุฑ ุฒูุงู ูุฑูุฏ ุดุงุฑฺ ูฺฉูู ู ููุญูู ูุง ุชูุฒ ูุฏู ฺฉู ุงูู ูุง ูุฏุฏู. ,3,0,,,
 ุงูุง ุฏุณุชุฑุณ ู ููุชุด ุชูุฑุจุง ุฎูุจู. ุงูุจุชู ุจูุฏู ููุฑูุฒ 94 ุฑูุชู ุจูุฏู.,3,1,,,
ุฎู ูุนููู ุงูฺฉุงูุงุช ฺูุฏุงู ูุฏุงุฑู ุฒุงุฏ ุฎูุด ููฺฏุฐุฑู ,4,0,,,
ู ุงูุจุชู ุฏุฑ ุงู ููุถูุน ฺฉ ุฏุฑ ุญุฏ ูุชูุง ุงูุชุงูุง ูุซู ูุฑุฏุงู ูพุงูุงุณ ูุณุช ุดฺฉ ูุณุช ุญุช ุธุงูุฑุด ฺู ุจุฑุณู ุจู ุฏุงุฎู ุงุชุงูุงุด,4,0,,,
ูู ุจู ููุฑุงู ููุณุฑู ุงูุงูุช ุงุฑูู ุฏุงุดุชู.ูุชู ุจุณุงุฑ ุชูุฒ ู ููุธู ุจูุฏ,3,2,,,
ูพุฑุณูู ูุชู ุจุณุงุฑ ูุฌุฑุจ ุจูุฏูุฏ ู ุจุฑุฎูุฑุฏ ุงููุง ุฏุฑ ููุงุช ุงุญุชุฑุงู ุจูุฏ.,3,2,,,
ุจููู ูฉูค ุณู ุดุจ ุงูุงูุชุ ุจุฑุฎูุฑุฏ ูุงุฑููุงู ุจุณูุงุฑ ุฎูุจ,4,2,,,
 ูุญูุท ุงุฑุงูุ ,4,2,,,
ุงุชุงู ุชููุฒุ ,4,2,,,
ุชููุน ุบุฐุงูู ุฑุณุชูุฑุงู ุฒูุงุฏ ูุจูุฏ,4,0,,,
ุงุชุงู ูุชู ุฎูุจ,4,2,,,
ูู ุฑุณุชูุฑุงู ูุถุง ูุงฺฉุงู,4,0,,,
ุงุฒ ูุธุฑ ูุณุงูุช ุชูุฑุจุง ูุฒุฏฺฉ ูุจุงุดุฏ,4,1,,,
ูู ุชุง ุจู ุญุงู ุฏุฑ ุงู ูุชู ุงูุงูุช ูุฏุงุดุชู ุงูุง ุชุงุจุณุชุงู ุจุง ุฎุงููุงุฏู ูุฏูุณุชุงูููู ฺฉู ุดุจ ุฏุฑ ุฑุณุชูุฑุงู ุณุงุญู ุดุงู ุฎูุฑุฏู . ููุฒฺฉ ุฒูุฏู ุงุด ุนุงู ุจูุฏ ู ูุญุท ุจุณุงุฑ ุดุงุฏ ู ุฏููุดู ุฏุงุดุช ,4,2,,,
 ุฎูุฏ ูุชู ูู ูุณุจุช ุจู ุณุงุฑ ูุชููุง ุดูุงู ุดฺฉ ู ูุฏุฑู ุจู ูุธุฑ ูุฑุณุฏ ,4,2,,,
ุงูุณุงู ูู ูุง ุชุตูู ุฏุงุฑู ุญุชูุง ฺูุฏ ุฑูุฒ ุฏุฑ ุงู ูุชู ุงูุงูุช ฺฉูู,4,2,,,
ูุชู ุฎู ุดฺฉ ู ฺฏุฑู ุจูุฏ,4,2,,,
 ุบุฐุงูุง ููุงุณุจ ู ูุชููุน ู ฺฉุงู ุดุงูพ ู ฺุง ุฎุงูู ุณูุช ุฎุงุทุฑู ุงูฺฏุฒ ,4,2,,,
 ู ูพุฑุณูู ุตูู ู ููุฑุจุงู ููุชู ูุฒุฏฺฉ ุจู ุญุฑู ูุทูุฑ ,4,2,,,
ุงุฒ ูุงูฺฉ ู ูุฏุฑ ูุญุชุฑู ูุชู ุขูุง ูููุงู ูุชุดฺฉุฑู,4,2,,,
ูู ุจููู ุฏุฑ ุงู ูุชู ุงูุงูุช ุฏุงุดุชู .ุฎุฏูุงุช ุฑุณุงู ูพุฑุณูู ุฎู ุถุนู ุงุณุช ,4,0,,,
ุฏุฑ ุงุชุงู ูุง ุญุช ฺฉ ฺฉุชุฑ ุจุฑู ูุณุช ,4,0,,,
ุณุฑููฺฏุงู ุฏูุด ฺฏุฑูุชู ุฏุฑ ุงฺฉุซุฑ ุณุงุนุงุช ุขุจ ุฎ ู ฺฉูุฏ,4,0,,,
ููู ุจุฑุฎูุฑุฏ ูพุฑุณูู ุนุงูู ุชุฑ ุงุฒ ุนุงูู ุจูุฏ,4,2,,,
ุณูุงู ุงูู ูุชู ูุณุจุช ุจู ูุชู ูุงู ุงุทุฑุงูุด ุฎูุจ ู ุชููุฒ ูุณุช ูู ุฑุงุถู ูุณุชู ,4,2,,,
ููุท ุงฺฏู ูุทู ูููุฏ ุชูู ูุฑ ุงุชุงู ุณุงุนุช ุฏููุงุฑู ุจุฒุงุฑูุฏ ุฎููู ุฎูุจ ููุดู ,4,1,,,
 ููฺููู ูุซู ฺูุฏูุงู ูพูุด ุตุจุญุงูู ุจุง ููููุช ุจุงุดู ฺูู ุงูู ฺูุฏ ุฑูุฒ ุงุฒ ููููุช ุงูุชุงุฏู ููุณู ุฎุณุชู ูุจุงุดูู,4,0,,,
ุณูุงู. ูู ุฒูุงุฏ ุงูู ุณูุฑู ูุชู ูุงู ุฒูุงุฏู ุฑู ุชุฌุฑุจู ูุฑุฏู ููู ุจุงูุฏ ุจฺฏู ุงูู ูุชู ุงุฒ ุจุฏ ุชุฑูู ุชุฌุฑุจู ูุงู ุณูุฑูุงู ูู ุจูุฏ,2,0,,,
 ุงูู ูุชู ุงุตูุง ุฏุฑ ุญุฏ ฺูุงุฑ ุณุชุงุฑู ูุจูุฏ. ,2,0,,,
 ุงุชุงููุงู ุฏูฺฏูุฑ ูููู ููุญูู ูุงู ูููู ,2,0,,,
ุบุฐุงุด ู ูู ุงุตูุง ูุงุจู ฺฏูุชู ูุจูุฏ ,2,0,,,
 ุณุฑููุณ ุจูุฏุงุดุชู ุฎููู ุถุนูู ู.....,2,0,,,
ููุท ุฑูุชุงุฑ ูพุฑุณููุด ุฎูุจ ุจูุฏ.,2,2,,,
ุจุง ุนุฑุถ ุณูุงู ุฎุฏูุช ุชูุงู ุฏูุณุชุงู ูู ุฏุฑ ุงู ูุชู ุงูุงูุช ุฏุงุดุชู ู ุฎู ุฎู ุฑุงุถ ุจูุฏู ,5,2,,,
 ุจู ุชูุงู ุฏูุณุชุงู ู ุนุฒุฒุงู ูพุดููุงุฏ ูฺฉูู ุจุง ุชุดฺฉุฑ,5,2,,,
ูุชู ููุณุงุฒ ููู ุงูุนุงุฏู ุชูุฒ ู ุดฺฉ ,5,2,,,
ุจุฑุฎูุฑุฏ ูพุฑุณูู ุฎู ุฎูุจ ุจูุฏ ,5,2,,,
ุฑุณุชูุฑุงู ุชูุฒ ุจุงุบุฐุงูุง ุฎูุดูุฒู ู ฺฉุงู ุดุงูพ ุฏูุฌ,5,2,,,
ูพุงุฑฺฉูฺฏ ูู ุฏุงุดุช,5,2,,,
ุจุฑุง ุจุงุฑ ุฏูู ุงฺฏู ุชูุฑุงู ุจุฑู ุจุงุฒ ุงุฑุงูุณ ุฑุง ุงูุชุฎุงุจ ู ฺฉูู ูุฎุตูุตุง ุจู ุฎุงุทุฑ ูููุนุช ูฺฉุงู ุงุด ฺฉู ุฏุฑ ูุฑฺฉุฒุดูุฑ ูุฑุงุฑ ุฏุงุดุช ุฎู ุจุฑุงู ููู ู ุนุงู ุจูุฏ ,5,2,,,
ูุชู ุจุณุงุฑ ุฒุจุง ู ุจุง ุงูฺฉุงูุงุช ุจุณุงุฑ ููุงุณุจ ู ุฏุฑ ูุฑฺฉุฒ ุชูุฑุงู ูุงูุน ุงุณุช,5,2,,,
ู ุงูุฌุงูุจ ุฏุฑ ฺูุฏ ููุฑุฏ ุณูุฑู ุจู ุชูุฑุงู ุจุงุจุช ูฺฺฏูุง ุฎูุจ ุงู ูุชู ุฏุฑ ุงุณูพูุงุณ ูุชู ุงูุงูุช ุฏุงุดุชู ุงู.,5,2,,,
ุจุง ุณูุงู. ุจู ุฌุฑุงุช ูุชููู ุจฺฏู ฺฉู ูุชู ูุฑู ุฌุฒุก ูุชููุง ุจุฑุชุฑู ูุชู ุจุณุงุฑ ูุฑุชุจ ู ุดฺฉ ุจุง ฺฉุงุฑฺฉูุงู ุฎู ุฎูุจ.,5,2,,,
ุฑุณุชูุฑุงู ุชูุฒ ุจุง ฺฏุงุฑุณูููุง ฺฉุงุฑ ุจูุฏ ู ุจุง ุณูุงุฏ.,5,2,,,
ุจุณุงุฑ ุนุงู ู ุดฺฉ ูุณุช ุงู ูุชู.,5,2,,,
ูู ูฺ ููุต ุชู ูุฏุช 5 ุดุจ ุงูุงูุช ุชู ุงู ูุชู ูุฏุฏู.,5,2,,,
ุงุชุงููุง ุจุณุงุฑ ูุฑุชุจ ู ุชูุฒ ุจุง ูุงุจ ฺฉู ุฎู ุดฺฉ ููู ุจูุฏ ุฎูุงุตู ููู ฺ ุนุงู ุจูุฏ,5,2,,,
ูู ุงู ูุชู ุฎู ุฏูุณุช ุฏุงุดุชู ,4,2,,,
ุงูุง ฺูู ูุฒูู ุงุด ุจุงูุง ุจูุฏ ู ูุงูุงุฑู ุดุงู ุฑู ุชูุฑ ูุจูุฏ ุงูุชุฎุงุจ ูฺฉุฑุฏู,4,0,,,
ูู ุจู ุงุชูุงู ููุณุฑู ูพุณุฑู ู ูุงุฏุฑู ููุฑ 92ุจู ูุฏุช 3ุดุจ ุฏุฑ ุงู ูุชู ุงูุงูุช ุฏุงุดุชู ููู ฺ ุนุงู ุจูุฏ ,5,2,,,
 ุบุฐุง ูุชู ุนุงู ุงุชุงู ูุง ุชูุฒ ,5,2,,,
ุฏุฑ ฺฉู ูุชู ุฎูุจ ุจูุฏ,5,2,,,
"ุณูุงู 
ุงู ูุชู ูุงูุนุง ุนุงู ุงุฒ ุทุฑุฒ ุฑูุชุงุฑ ูพุฑุณูู ุชุง ุชูุฒ ุงุชุงููุง",5,2,,,
 ู ููู ฺฉุงูู ุตุจุญุงูู ฺฉู ุนุงู ุจูุฏ ,5,2,,,
ูู ูุชููุง ุฒุงุฏ ุงูุงูุช ุฏุงุดุชู ูู ูุชู ุงูููพฺฉ ฺฉ ุงุฒ ูุชููุง ุฎูุจ ุจูุฏ ฺฉู ุฑุถุงุช ฺฉุงูู ุฏุงุดุชู ,5,2,,,
ุงุฒ ุงูุงูุช ุฏุฑ ุงู ูุฐุช ุจุฑุฏู,5,2,,,
"ุณูุงู
ูู ุงุฒ ุงูู ูุชู ุฏูุฏู ูุฑุฏู ุจุณูุงุฑ ุนุงููู ู ุจุงุฒ ููุฎูุงู ุจุฑู ุงููุฌุง",5,2,,,
ุนุงู ุจูุฏุุจุฑุฎูุฑุฏุดูู ุนุงู,4,2,,,
ููุณู ูุง ุฒูุฏู ุฏุฑ ูุชู ุนุงูุ,4,2,,,
ููู ฺุฒ ุนุงู ู ุฎูุจ,4,2,,,
ูุง ฺฉู ุฎู ุงุญุณุงุณ ุฑุงุญุช ุฏุงุดุชูุุงูฺฏุงุฑ ุฎููู ุฎูุฏุชู ุฏุฑ ุงุฎุชุงุฑ ุฎูุฏุช ูุฑุงุฑ ุฏุงุฏู,4,2,,,
ุงู ูุชู ุจุณุงุฑ ูุฌูู ู ุนุงู ุงุณุช ,5,2,,,
ูุญูู  ุจุฑุฎูุฑุฏ ูพุฑุณูู ุนุงู,5,2,,,
ู ฺฉูุช ุบุฐุง ูุง ูุงูุนุง ุจ ูุธุฑ ุจูุฏ ,5,2,,,
ููู ฺุฒ ูุทุงุจู ุจุง ูุชุฏ ุฑูุฒ ุจูุฏ ,5,2,,,
 ุชูุฒ ูุชู ุญุฑู ูุฏุงุดุช ู ูุณูุช ูุง ูู ููุงุณุจ ุจูุฏ ,5,2,,,
ุฏุฑ ฺฉู ุงู ูุชู ุจ ูุธุฑ ุจูููููููุฏ.๐๐๐,5,2,,,
ุฎู ุฎูุจ ุจูุฏ ,5,2,,,
 ุนฺฉุงุณ ููู ุงูุนุงุฏู ุง ุฏุงุดุช ,5,2,,,
ู ุงุฒ ูุธุฑ ุจูุฏุงุดุช ุนุงู ุจูุฏ,5,2,,,
ุณุงุฑ ุฒุจุง ู ุชูุฒ ุจูุฏ ,5,2,,,
 ูุนูุงุฑ ุณูุช ุงุฑุงู ูุชู ููู ูุฌุฐูุจ ุฎูุฏุด ฺฉุฑุฏ ,5,2,,,
ุจุฑุฎูุฑุฏ ูพุฑุณูู ูุชู ูู ุฏุฑ ุณุทุญ ุฎู ุฎูุจ ุจูุฏ,5,2,,,
ูู ุฏุฑ ุขุฐุฑ ูุงู ุฏูุดุจ ุงูุงูุช ุฏุงุดุชู ูุชู ุงุฒ ูุญุงุธ ูุนูุงุฑ ููุถุง ุฏุงุฎู ุจุณุงุฑ ุฒุจุงุณุช,4,2,,,
ุงุฒ ูุญุงุธ ุชูุฒ ูู ุนุงู ุงุณุช ููู ูุญูุทู ููู ุงุชุงู ูุง ุจุณุงุฑ ุชูุฒ ูุณุชูุฏ,4,2,,,
ุุชุฌุฑุจู ุฎูุฏู ุงุฒ ุฎูุฑุฏู ุบุฐุง ุฏุฑ ุฑุณุชูุฑุงู ุฏุงุฏ ุฎูุจ ูุจูุฏ ูุจู ูุธุฑู ฺฉูุช ูุงุฒู ฺูู ูุชู ุฑู ูุฏุงุดุชุ ุงูุฏูุงุฑู ุฏุฑ ุงู ุฒููู ุฏูุช ุจุดุชุฑ ุฑู ุฏุงุดุชู ุจุงุดุฏ,4,0,,,
ุฏุฑ ูุฌููุน ูุถุง ุจุณุงุฑ ุฎุงุทุฑู ุงูฺฏุฒ ุงุณุช,4,2,,,
ุฏุฑุทูู ฺูุฏุฑูุฒ ฺฉู ุฏุฑูุชู ุงูุงูุช ุฏุงุดุชู ุงุฒุชูุงู ูพุฑุณูู ูุชู ุฎุงุชู ุฑุงุถ ูุณุชู ููููุงู ููุงุฒ ูุฑุฏู ุงู ุดูุฑ ูุฎุตูุตุง ุฎููฺฏุฑู ูพุฑุณูู ูุชู ุจุงุนุซ ุฎุงุทุฑู ุฎูุจ ุดุฏ ,5,2,,,
ูุงุฒูุธุฑฺฉูุช ูููุช ูุฎุฏูุงุช ฺฉู ุงุฑุงู ุฏุงุฏู ููุงุณุจ ุจูุฏ ,5,2,,,
 ูุงุฒ ูุฒุช ูุง ุงุตู ูุชู ูุฒุฏฺฉ ุจู ูุฑูุฏฺฏุงู ุจูุฏ,5,2,,,
ูู ุฏุฑ ุชุงุฑุฎ 94/9/5 ุจู ูุฏุช ฺฉ ุดุจ ุฏุฑ ุงุชุงู ุฏุจู ุฌูููุฑ ุงู ูุชู ุงูุงูุช ุฏุงุดุชู. ูุชู ุจุฒุฑฺฏ ู ูพุฑุณูู ููุฏุจ ุจูุฏูุฏ,3,2,,,
ูู ุฎุฏูุงุช ูุชู ุจู ูุณุจุช ููุชุด ุงุตูุง ุฑุงุถ ฺฉููุฏู ูุจูุฏ ุ ุฏูุด ุญููู ุฎุฑุงุจ ุจูุฏ ู ุขุจ ูุดุงุฑ ูุฏุงุดุช. ,3,0,,,
 ููุงุฒู ุงุชุงู ูู ูุณุจุชุง ฺฉููู ุจูุฏ,3,0,,,
ุตุจุญุงูู ูุชู ุชููุน ุฒุงุฏ ูุฏุงุดุช ู ุฏุฑ ุญุฏ ูุชููุง 5 ุณุชุงุฑู ูุจูุฏ.,3,0,,,
ูุชู ุณููุฑ ูุชู ุจุณุงุฑ ุฎูุจู ู ููุณุงุฒู,5,2,,,
ูุฒุฏฺฉ ุญุฑูู ู ุงุฒ ุฏุงุฎู ุจุงุฒุงุฑ ุฑุถุง ุจู ุญุฑู ุฑุงู ุฏุงุฑูุ ,5,2,,,
 ุงูฺฉุงูุงุช ูุชู ุฎูุจ ุจูุฏ ู ุชูุฒ ุจูุฏุ ,5,2,,,
ูุฏุฑุช ุจุณุงุฑ ูุชุดุฎุต ู ูุญุชุฑู ูู ุฏุงุดุช. ,5,2,,,
ุฏุฑ ฺฉู ุฑุงุถ ุจูุฏู ูุณุจุช ุจู ููุชุด ุนุงูู! ,5,2,,,
ุงูุจุชู ูฺฉุฑ ฺฉูู ููุชุด ุจุดุชุฑ ุจุดู ุงูุงู ฺูู ฺฉุณ ููุดูุงุณู ุงุฑุฒููู!,5,0,,,
ุงู ูุชู ููุช ุจุณุงุฑ ููุงุณุจ ูุณุจุช ุจู ุงูฺฉุงูุงุชุด ุฏุงุฑุฏ,5,2,,,
 ูุงูุนุง ูุชู ุจ ูุธุฑ ุงุณุช ุญุชูุง ุงุฒ ุงู ูุชู ุฏุฏู ูุฑูุงุฏ,5,2,,,
"ุจุง ุณูุงู 
ูู ทุดุจ ุฏุฑ ุงู ูุชู ุจูุฏู, ุงฺฏู ุจุงุฒ ูู ูุณูุชู ุดุฏ ุจู ูุดูุฏ ุจุงู ุงูุชุฎุงุจู ููู ูุชู ุงุณุช",5,2,,,
" ุงูฺฉุงูุงุช ูุชู, ุจุฑุฎูุฑุฏ ุฎูุจ ูพุฑุณูู, ูุฒุฏฺฉ ุจู ุญุฑู ",5,2,,,
" ุบุฐุง ุฎูุจ ุฑุณุชูุฑุงู ูุชู, ุงุฒ ูฺฺฏ ูุง ููู ุงู ูุชู ุงุณุช",5,2,,,
ูุชู ุจุณุงุฑ ุดฺฉ ููุฌูู ุงุณุช,4,2,,,
ฺฉูุช ุบุฐุง ุจููู ูุฒ ุจุณุงุฑ ุนุงู ุจูุฏ ,4,2,,,
 ููุท ุชููุง ฺฉูุจูุฏ ููุงู ุงุณุชุฎุฑ ู ููฺฉุฏู ุงุณุช ,4,0,,,
ูู ูุณุจุช ุจู ููุช ูุชู ุจุณุงุฑ ุดฺฉ ู ุนุงู ุจูุฏ.,4,2,,,
ูุง ุจู ูุฏุช ุฏู ุดุจ ุฏุฑ ุงู ูุชู ุงูุงูุช ุฏุงุดุชู ฺฉู ฺฉูู ููุงุฒู ูุง ฺฉููู ุจูุฏู,3,0,,,
ู ุบุฐุงูุงุดู ูุนููู ุจูุฏ ,3,0,,,
 ุฏุฑ ฺฉู ุจููู ุฏูุณุชุงู ุจู ููุชุด ูู ุงุฑุฒุฏ ,3,0,,,
 ู ุฏุฑ ุญุฏ ูุชู ูพูุฌ ุณุชุงุฑู ูุจูุฏ ูุฎุตูุตุง ุจู ุงูููู ฺฉู ุงุตูุง ุฏุฑ ุญุฏ ุงู ุญุฑููุง ูุจูุฏ.,3,0,,,
ูุชู ุจุณุงุฑุฒุจุง ุงุณุช ูุจู ุฌุฑุงุช ูุชูุงูู ุจฺฏูู ููู ุงูฺฉุงูุงุช ุฑูุงู ุฏุฑุญุฏุนุงู ุจู ฺุดู ูุฎูุฑุฏ,5,2,,,
ุถููุงุจุฑุฎูุฑุฏูพุฑุณูู ูพุฐุฑุด ุจุฎุตูุต ุฎุงูููุง ุจุณุงุฑุนุงู ููุญุชุฑูุงูู ุงุณุช.,5,2,,,
ุจุงุณูุงู ูู ุจู ูุฏุช ุณู ุดุจ ุฏุฑ ุงู ูุชู ุงูุงูุช ุฏุงุดุชู ุงุฒ ูุญุงุธ ูุธุงูุช ูุงูุนุง ุชูุฒ ุจูุฏ,4,2,,,
ุจุฑุฎูุฑุฏ ูพุฑุณูู ูู ุฎูุจ ุจูุฏ ,4,2,,,
ฺฉูุช ุบุฐุง ูุณุจุชุง ุฎูุจ ุจูุฏ,4,2,,,
 ููุท ุจุฑุง ููุงุฒ ุตุจุญ ุณุฑูุณ ูุฏุงุดุช ,4,0,,,
ุฏุฑ ฺฉู ุฑุงุถ ุจูุฏู,4,2,,,
ุจุงุณูุงู..ูู ุฏูุณุงู ูุจู ุณู ุดุจ ูุชู ุฏูพูููุช ุจูุฏู ููู ฺ ุนุงู ,5,2,,,
ุจุฑุฎูุฑุฏ ูพุฑุณูู ุณุฑูุณ ูุง ุนุงู ุจูุฏู ,5,2,,,
ุบุฐุง ููู ุงูุนุงุฏู ุจูุฏ ,5,2,,,
 ุงูุจุงุฑ ุจุงู ูุดูุฏ ููู ูุชู ุฑู ุงูุชุฎุงุจ ูฺฉูู ูุงูุนุฃ ุฏุฑ ุญุฏ 5ุณุชุงุฑู ูุณุชโฆ,5,2,,,
ุงูุจุงุฑ ุจุงู ูุดูุฏ ููู ูุชู ุฑู ุงูุชุฎุงุจ ูฺฉูู ูุงูุนุฃ ุฏุฑ ุญุฏ 5ุณุชุงุฑู ูุณุชโฆ,5,2,,,
ุดฺฉ ูุณุช ฺฉู ูุชู ุฎูุจ ู ุชูุฒ ุงุณุช ููู ฺูุฏู ุจุงุฑ ุจู ุงูุฌุง ุฑูุชู ุงู ,3,2,,,
ุงูุง ูุฏุช ุงุณุช ุชุนุฏุงุฏ ูุงุจู ุชูุฌู ูุณุงูุฑ ุนุฑุจ ุจู ุงูุฌุง ูุฑูุฏ ูฺูู ุงููุง ุฎูุจ ูพูู ูุฏููุฏ ุฏฺฏุฑ ูุซู ุณุงุจู ูุง ุฑุง ุชุญูู ููฺฏุฑูุฏ ,3,0,,,
ูุญุช ุฏุฑ ุฒูุณุชุงู ูุฒ ุชุฎูู ููุฏููุฏ ู ููุชุด ูุฒ ูุณุจุชุง ุฒุงุฏ ุงุณุช ูุงู ูุฒุฏฺฉ ุจู ุญุฑู ููุณุงูุฑ ุนุฑุจ ุดุงุฏ ุนุงููุด ุจุงุดุฏ ุงูุจุชู ุงู ูุธุฑ ูู ุงุณุช,3,0,,,
ูู ุชุฑ ูุงู 94 ุงูุงูุช ุฏุงุดุชู ุุงุฑุงูุด ุจุงูุง ฺฉู ุงูุฌุง ุฏุงุฑู ุดูุง ุฑุง ุจุฑุง ฺูุฏ ุจุงุฑ ูฺฉุดููู ุงูุฌุง ,5,2,,,
ุดุงุฏ ุฌุงูุง ุฏฺฏู ููฺฉุณ ุชุฑ ุจุดู ูพุฏุง ฺฉุฑุฏ ูู ุงุฑุงูุด ุงูุฌุง ุฎุงุตู ,5,2,,,
ูู ูููุณุฑู ุฏุฑ ููุฑูุงู 94 ุฏุฑ ุงู ูุชู ุฒุจุง ุงูุงูุช ุฏุงุดุชู ูุถุง ูุชู ุณูุช ูุฏููุดู ุจูุฏ ,5,2,,,
 ุจุฑุฎูุฑุฏ ฺฉุงุฑฺฉูุงู ูุชู ุฎูุจ ุจูุฏ,5,2,,,
ุงุชุงู ูุง ูุชู ุชูุฒ ุจูุฏ ,5,2,,,
ุตุจุญุงูู ููุตู ุฏุงุดุช ฺฉู ุงูุจุชู ุจุงุฏ ุฏุฑ ูุชู ุขุฑูุจุฑุฒู ุตุฑู ูุดุฏ ุฏุฑ ฺฉู ุนุงู ุจูุฏ,5,2,,,
ุชูุฒ ู ูุฌูู ุจุง ูพุฑุณูู ุญุฑูู ุง,5,2,,,
ุณูุงู ูู ุงุฒ ูุฑุฏุณุชุงู ุงููุฏู ุฏูุดุจ ูููุงู ุดูุง ุจูุฏู ูุชู ุฑุงุญุช ู ุงููุฒู ุจูุฏ ,5,2,,,
 ูุงุฑููุงูุด ูู ุงุฏููุงู ููุฑุจุงู ู ูุชุดุฎุต ุนุงูู ุจูุฏ ูููููู,5,2,,,
ูู ุงุฒ ุชูุงู ูุญุงุธ ุงุฒุงููุงูุงุช ูุชู ู ูุฎุตูุตุง ุจุฑุฎูุฑุฏ ูพุฑุณูู ุฑุงุถู ุจูุฏู,4,2,,,
ุงฺฏู ุจุงุฒู ููุด ุจุฑู ุจุงุฒู ูุงุฑููุง ุฑู ุงูุชุฎุงุจ ูู ููู,4,2,,,
ุจุง ุณูุงู ูู ุณู ุฑูุฒ ุฏุฑ ูุชู ุขุฑูุงู ุงูุงูุช ุฏุงุดุชู ูุงูุนุง ุจุณูุงุฑ ุฒูุจุง ู ุชููุฒ ุจูุฏ ,5,2,,,
 ูุญูู ุจุฑุฎูุฑุฏ ูพุฑุณูู ุนุงูู ,5,2,,,
ุชููุฒู ู ุฏุฑุฎุดูุฏฺฏู ุณุงูู ูุง ู ููููุช ุบุฐุง ูุง ููู ฺู ุนุงูู ุจูุฏ ,5,2,,,
ูุง ุงุฒ ุชุงุฑุฎ 27 ุดูุฑูุฑ 94 ุญุฏูุฏ 4 ุดุจ ุฏุฑ ุงู ูุชู ุจูุฏู ุ ูุชู ุจุณุงุฑ ุชูุฒ ุจุง ูพุฑุณูู ููุฏุจ ,4,2,,,
 ุชููุง ุงุดฺฉุงู ูุชู ุตุจุญุงูู ูุฎุชุตุฑุขู ุจูุฏ (ฺุฒ ุฏุฑุญุฏูุฏ ูพูุฑ ู ฺฉุฑู ู ูุฑุจุง ู ุฎุงุฑ ู ฺฏูุฌู) ,4,0,,,
ุฑู ูู ุฑูุชู ุฑุงุถ ุจูุฏู ุงฺฏุฑ ุฏูุจุงุฑู ุจู ูุดู ุฑูุชู ุจุงุฒูู ุจู ููู ูุชู ุฎูุงูู ุฑูุช,4,2,,,
ุณูุงู ูู ู ููุณุฑู 3 ุดุจ ุฏุฑ ุชุงุฑุฎ 24/6/94 ุฏุฑ ุงู ูุชู ุงูุงูุช ุฏุงุดุชู ูุถุง ูุชู ุฎูุจ ุจูุฏ.,4,2,,,
ุจุณุงุฑ ุชูุฒ,4,2,,,
 ูู ุชููุน ุฏุฑ ุตุจุญุงูู ูุฏุงุดุช. ,4,0,,,
 ูุณุฑ ูุชู ุจู ูุฑฺฉุฒ ุดูุฑ ูู ุฏูุฑ ุจูุฏ ุจูุชุฑ ุจูุฏ ุงู ูุชู ุฏุฑ ุท ุฑูุฒ ุชุฑุงูุณูุฑ ูุฏุงุดุช.ูุซู ูุชู ูุง ฺฉุด. ,4,0,,,
 ูพุฑุณูู ุฎูุจ ู ููุฏุจ ุฏุงุดุช ุฑุณุฏฺฏ ูุง ุฎู ุฎูุจ ุฏุงุดุชูุฏ.,4,2,,,
ูู ุฌุฏุฏุง 5 ุดุจ ุฏุฑ ุงู ูุชู ุงูุงูุช ุฏุงุดุชู. ุฏุฑ ฺฉู ูุชู ุจุฏ ูุจูุฏ,4,1,,,
 ูู ุฏุฑ ุญุฏ 5 ุณุชุงุฑู ูุณุช. ,4,0,,,
 ููุงุฒูุง ฺฉููู ,4,0,,,
 ู ุจุฑุฎูุฑุฏ ูพุฑุณูู ู ุบุฐุงูุงุด ูุนูููู. ,4,1,,,
ูุชู ุจุณูุงุฑ ุชููุฒ ู ุฏุงุฑุงู ุงุณุชุงูุฏุงุฑุฏูุงู ุฑูุฒ ุฏููุง ,5,2,,,
 ุทุฑุงุญู ูุฏุฑู ู ุนุงูู ,5,2,,,
ูพุฑุณูู ุขููุฒุด ุฏูุฏู ุฌูุงู ู ุชุญุตูููุฑุฏู ,5,2,,,
 ุงุชุงููุงู ููู ุงูุนุงุฏู ุชููุฒ ,5,2,,,
. ูู ูุงูุนุง ุฃูุงูุช ุขุฑุงูู ุฑุง ุชุฌุฑุจู ูุฑุฏู .,5,2,,,
